
Position
 ==================== 
Position X,Position Y,Position Z,Unit,Category,Collection,Time,ID,
2983.01,212.173,0.7,um,Spot,Position,1,0,
2957.34,227.445,2.39149,um,Spot,Position,1,21,
3216.75,192.234,0.7,um,Spot,Position,1,93,
3267.08,213.815,3.72995,um,Spot,Position,1,130,
2934.08,251.675,0.7,um,Spot,Position,1,230,
3323.54,250.531,0.7,um,Spot,Position,1,304,
3273.23,324.887,0.7,um,Spot,Position,1,306,
3342.24,274.368,0.7,um,Spot,Position,1,318,
3559.06,275.238,0.7,um,Spot,Position,1,332,
3608.23,251.377,0.7,um,Spot,Position,1,343,
3783.47,314.35,0.7,um,Spot,Position,1,379,
3756.11,324.144,0.7,um,Spot,Position,1,381,
3816.33,311.265,2.83467,um,Spot,Position,1,392,
3862.92,311.913,0.7,um,Spot,Position,1,415,
3849.11,319.043,3.40802,um,Spot,Position,1,419,
3888.23,277.671,5.24662,um,Spot,Position,1,421,
2736.11,414.985,0.7,um,Spot,Position,1,423,
2861.4,396.818,0.7,um,Spot,Position,1,446,
2870.68,358.828,4.29818,um,Spot,Position,1,454,
2863.31,403.437,4.27812,um,Spot,Position,1,458,
3075.34,356.653,0.7,um,Spot,Position,1,486,
3134.99,339.926,4.85042,um,Spot,Position,1,531,
3223.03,398.365,3.46427,um,Spot,Position,1,577,
3287.89,336.635,0.7,um,Spot,Position,1,581,
3273.61,361.752,0.7,um,Spot,Position,1,587,
3272.22,374.768,0.7,um,Spot,Position,1,590,
3266.19,408.163,0.7,um,Spot,Position,1,595,
3259.99,409.885,0.7,um,Spot,Position,1,596,
3264.43,366.248,5.45929,um,Spot,Position,1,600,
3388.15,382.788,0.7,um,Spot,Position,1,613,
3485.26,385.885,0.7,um,Spot,Position,1,620,
3626.25,389.742,0.7,um,Spot,Position,1,638,
2658.35,498.902,0.7,um,Spot,Position,1,669,
2727.11,416.281,0.7,um,Spot,Position,1,670,
2860.86,417.91,0.7,um,Spot,Position,1,791,
2858.21,433.105,0.7,um,Spot,Position,1,795,
2887.38,440.075,0.7,um,Spot,Position,1,799,
2877.8,458.841,3.48166,um,Spot,Position,1,828,
2832.23,467.005,3.17509,um,Spot,Position,1,829,
2834.29,472.625,3.88315,um,Spot,Position,1,830,
2867.53,423.835,4.74156,um,Spot,Position,1,831,
2896.34,429.92,4.64921,um,Spot,Position,1,832,
2854.11,458.165,5.29858,um,Spot,Position,1,833,
2861.83,470.408,4.24494,um,Spot,Position,1,834,
2945.73,451.092,0.7,um,Spot,Position,1,845,
2975.16,451.004,0.7,um,Spot,Position,1,846,
2945.78,468.397,3.4435,um,Spot,Position,1,867,
2952.57,456.324,4.71479,um,Spot,Position,1,870,
3390.23,421.306,0.7,um,Spot,Position,1,904,
3473.65,490.174,2.05143,um,Spot,Position,1,965,
3487.26,466.606,4.63643,um,Spot,Position,1,967,
3514.97,491.917,0.7,um,Spot,Position,1,985,
3549.47,498.835,0.7,um,Spot,Position,1,988,
3552.59,439.211,5.27435,um,Spot,Position,1,996,
3624.89,418.281,0.7,um,Spot,Position,1,1003,
3631.31,429.24,0.7,um,Spot,Position,1,1007,
3598.36,429.774,0.7,um,Spot,Position,1,1008,
3606.78,461.771,0.7,um,Spot,Position,1,1018,
3620.35,465.398,0.7,um,Spot,Position,1,1020,
3612.89,477.01,0.7,um,Spot,Position,1,1024,
3606.2,440.647,3.19697,um,Spot,Position,1,1037,
2627.47,542.983,0.7,um,Spot,Position,1,1054,
2670.56,506.771,0.7,um,Spot,Position,1,1075,
2687.02,518.19,0.7,um,Spot,Position,1,1084,
2694.71,531.549,0.7,um,Spot,Position,1,1094,
2687.77,547,0.7,um,Spot,Position,1,1105,
2743.21,510.549,3.82497,um,Spot,Position,1,1128,
2741.58,573.224,4.10216,um,Spot,Position,1,1129,
2921.81,508.04,0.7,um,Spot,Position,1,1257,
3231.37,521.367,0.7,um,Spot,Position,1,1261,
3410.55,509.15,0.7,um,Spot,Position,1,1276,
3427.62,545.705,4.47789,um,Spot,Position,1,1379,
3554.63,531.819,0.7,um,Spot,Position,1,1402,
3520.3,537.471,0.7,um,Spot,Position,1,1405,
3531.39,542.47,0.7,um,Spot,Position,1,1408,
3542.24,533.784,1.69896,um,Spot,Position,1,1424,
2623.83,646.075,0.7,um,Spot,Position,1,1494,
2624.02,596.915,3.31759,um,Spot,Position,1,1500,
2743.08,611.741,0.7,um,Spot,Position,1,1515,
3303.99,647.427,0.7,um,Spot,Position,1,1591,
3539.17,642.174,0.7,um,Spot,Position,1,1640,
3530.42,646.94,0.7,um,Spot,Position,1,1642,
1479.23,738.635,4.6121,um,Spot,Position,1,1697,
1590.53,715.727,0.7,um,Spot,Position,1,1737,
1595.64,744.367,0.7,um,Spot,Position,1,1756,
1685.17,726.158,0.7,um,Spot,Position,1,1764,
1720.81,743.981,0.7,um,Spot,Position,1,1777,
2621.28,695.891,0.7,um,Spot,Position,1,1794,
2614.93,710.563,0.7,um,Spot,Position,1,1801,
2729.57,673.629,0.7,um,Spot,Position,1,1832,
2719.75,713.035,0.7,um,Spot,Position,1,1848,
3332.54,666.798,0.7,um,Spot,Position,1,1878,
3347.71,669.8,0.7,um,Spot,Position,1,1879,
1302.63,805.072,0.7,um,Spot,Position,1,1917,
1296.58,812.98,0.7,um,Spot,Position,1,1921,
1365.7,761.728,0.7,um,Spot,Position,1,1947,
1373.83,806.354,0.7,um,Spot,Position,1,1980,
1378.8,820.062,0.7,um,Spot,Position,1,1992,
1375.45,824.877,1.49022,um,Spot,Position,1,2001,
1389.76,794.563,4.37948,um,Spot,Position,1,2004,
1444.91,787.847,0.7,um,Spot,Position,1,2027,
1460.45,806.713,0.7,um,Spot,Position,1,2038,
1443.51,820.511,0.7,um,Spot,Position,1,2051,
1420.37,782.174,5.13254,um,Spot,Position,1,2078,
1530.43,769.727,0.7,um,Spot,Position,1,2090,
1563.65,772.567,0.7,um,Spot,Position,1,2092,
1533.75,778.87,0.7,um,Spot,Position,1,2094,
1541.57,806.144,0.7,um,Spot,Position,1,2109,
1560.65,820.857,0.7,um,Spot,Position,1,2118,
1543.24,750.263,2.80383,um,Spot,Position,1,2124,
1572.83,822.898,4.27773,um,Spot,Position,1,2131,
1598.91,787.129,0.7,um,Spot,Position,1,2153,
1629.45,798.061,0.7,um,Spot,Position,1,2160,
1648.42,803.029,0.7,um,Spot,Position,1,2162,
1624.61,803.974,0.7,um,Spot,Position,1,2164,
1650.86,763.916,2.20607,um,Spot,Position,1,2187,
1647.47,797.465,2.20462,um,Spot,Position,1,2189,
1600.53,795.156,4.92887,um,Spot,Position,1,2195,
1667.35,765.819,0.7,um,Spot,Position,1,2207,
1738.85,784.723,0.7,um,Spot,Position,1,2221,
1732.41,786.103,0.7,um,Spot,Position,1,2222,
1738.64,789.266,0.7,um,Spot,Position,1,2225,
1693.38,798.046,0.7,um,Spot,Position,1,2229,
1673.94,831.541,0.7,um,Spot,Position,1,2245,
1784.39,814.316,0.7,um,Spot,Position,1,2286,
1785.61,821.622,2.82793,um,Spot,Position,1,2303,
2547.88,788.803,0.7,um,Spot,Position,1,2312,
2521.37,808.916,0.7,um,Spot,Position,1,2318,
2705.61,754.525,0.7,um,Spot,Position,1,2369,
869.159,902.255,0.7,um,Spot,Position,1,2424,
832.312,914.014,0.7,um,Spot,Position,1,2432,
887.08,896.847,1.67754,um,Spot,Position,1,2435,
928.97,863.119,0.7,um,Spot,Position,1,2454,
934.373,872.363,0.7,um,Spot,Position,1,2460,
1235.51,877.543,0.7,um,Spot,Position,1,2557,
1241.28,882.097,0.7,um,Spot,Position,1,2560,
1261.49,844.591,0.7,um,Spot,Position,1,2595,
1255.89,850.431,0.7,um,Spot,Position,1,2600,
1321.09,863.749,0.7,um,Spot,Position,1,2607,
1292.54,870.658,0.7,um,Spot,Position,1,2609,
1298.39,877.702,0.7,um,Spot,Position,1,2613,
1326.17,846.026,2.18473,um,Spot,Position,1,2642,
1367.53,910.113,3.65176,um,Spot,Position,1,2706,
1491.29,840.429,0.7,um,Spot,Position,1,2714,
1492.85,843.963,4.09184,um,Spot,Position,1,2755,
1500.06,837.071,0.7,um,Spot,Position,1,2761,
1618.45,833.276,0.7,um,Spot,Position,1,2775,
1641.51,836.269,0.7,um,Spot,Position,1,2778,
1662.72,851.382,0.7,um,Spot,Position,1,2790,
1625.61,851.31,2.97112,um,Spot,Position,1,2813,
1827.62,874.807,4.38171,um,Spot,Position,1,2888,
1834.31,864.28,0.7,um,Spot,Position,1,2897,
1895.24,901.134,0.7,um,Spot,Position,1,2923,
1955.14,887.089,3.71489,um,Spot,Position,1,2955,
2132.17,888.7,0.7,um,Spot,Position,1,2981,
2174.8,892.592,0.7,um,Spot,Position,1,3002,
2194.06,893.566,0.7,um,Spot,Position,1,3005,
2312.81,883.051,0.7,um,Spot,Position,1,3015,
2297.36,885.381,0.7,um,Spot,Position,1,3017,
2375.76,866.283,0.7,um,Spot,Position,1,3032,
2413.82,862.141,0.7,um,Spot,Position,1,3070,
694.018,969.312,0.7,um,Spot,Position,1,3189,
714.822,973.775,0.7,um,Spot,Position,1,3194,
712.243,933.793,4.0625,um,Spot,Position,1,3199,
790.518,985.043,0.7,um,Spot,Position,1,3249,
989.997,930.162,0.7,um,Spot,Position,1,3340,
937.235,964.295,3.22732,um,Spot,Position,1,3393,
975.305,970.473,3.33312,um,Spot,Position,1,3394,
967.094,973.044,2.91601,um,Spot,Position,1,3395,
940.03,972.035,5.22171,um,Spot,Position,1,3399,
1061.93,990.715,0.7,um,Spot,Position,1,3455,
1096.24,925.143,0.7,um,Spot,Position,1,3471,
1083.72,952.918,2.97949,um,Spot,Position,1,3519,
1106.7,969.11,4.91435,um,Spot,Position,1,3524,
1238.66,983.343,0.7,um,Spot,Position,1,3575,
1200.08,987.086,0.7,um,Spot,Position,1,3577,
1221.21,989.793,0.7,um,Spot,Position,1,3578,
1225.51,932.356,1.47643,um,Spot,Position,1,3588,
1187.69,960.244,1.51364,um,Spot,Position,1,3589,
1261.03,927.846,0.7,um,Spot,Position,1,3602,
1284.81,955.059,0.7,um,Spot,Position,1,3623,
1281.19,959.046,0.7,um,Spot,Position,1,3627,
1264,933.755,4.27623,um,Spot,Position,1,3641,
1637.66,928.243,0.7,um,Spot,Position,1,3656,
1823.66,957.282,0.7,um,Spot,Position,1,3715,
1801.66,943.413,4.57226,um,Spot,Position,1,3749,
1851.03,957.652,4.58226,um,Spot,Position,1,3805,
1988.48,941.122,2.32548,um,Spot,Position,1,3840,
2488.41,985.903,0.7,um,Spot,Position,1,4086,
1872.01,1044.04,4.60134,um,Spot,Position,1,4231,
1951.14,1046.51,4.21465,um,Spot,Position,1,4275,
2162.04,1035.74,5.41627,um,Spot,Position,1,4363,
2188.46,1007.69,3.48772,um,Spot,Position,1,4408,
2358.73,1025.7,0.7,um,Spot,Position,1,4462,
2463.31,1002.53,0.7,um,Spot,Position,1,4470,
2435.8,1008.59,0.7,um,Spot,Position,1,4473,
2444.5,1008.65,0.7,um,Spot,Position,1,4474,
2452.21,1000.14,1.4312,um,Spot,Position,1,4479,
3038.95,226.6,6.57457,um,Spot,Position,1,4480,
3040.96,231.637,8.00115,um,Spot,Position,1,4485,
3014.43,234.379,7.92974,um,Spot,Position,1,4488,
3133.74,198.033,6.42143,um,Spot,Position,1,4492,
3150.1,237.169,7.02552,um,Spot,Position,1,4495,
3159.27,222.764,10.5,um,Spot,Position,1,4509,
3087.22,224.626,10.5,um,Spot,Position,1,4511,
3122.21,233.876,10.5,um,Spot,Position,1,4515,
3201.18,215.124,7.79877,um,Spot,Position,1,4526,
3298.88,231.6,9.44727,um,Spot,Position,1,4564,
3272.05,225.435,10.5,um,Spot,Position,1,4569,
3289.15,238.327,10.5,um,Spot,Position,1,4572,
3651.82,248.425,10.5,um,Spot,Position,1,4577,
3689.67,234.264,10.5,um,Spot,Position,1,4584,
3699.77,241.892,10.5,um,Spot,Position,1,4585,
3767.44,226.117,6.75306,um,Spot,Position,1,4588,
3768.09,245.212,7.53173,um,Spot,Position,1,4589,
3803.09,249.557,7.39787,um,Spot,Position,1,4590,
3791.58,219.799,9.37283,um,Spot,Position,1,4591,
3782.39,208.93,10.5,um,Spot,Position,1,4596,
3776,213.053,10.5,um,Spot,Position,1,4597,
3748.2,229.607,10.5,um,Spot,Position,1,4598,
3804.18,234.377,10.5,um,Spot,Position,1,4599,
3754.46,245.382,10.5,um,Spot,Position,1,4600,
3823.55,249.38,10.5,um,Spot,Position,1,4601,
3845.78,238.182,6.10424,um,Spot,Position,1,4603,
3849.52,204.655,9.29264,um,Spot,Position,1,4605,
3836.88,243.299,10.5,um,Spot,Position,1,4609,
3884.7,248.079,10.5,um,Spot,Position,1,4610,
2898.32,328.269,10.5,um,Spot,Position,1,4613,
2969.21,285.839,6.26449,um,Spot,Position,1,4615,
2932.61,271.365,7.96003,um,Spot,Position,1,4621,
2943.9,296.761,10.5,um,Spot,Position,1,4637,
2983.42,331.899,10.5,um,Spot,Position,1,4648,
3053.82,320.598,5.9163,um,Spot,Position,1,4654,
3067.76,316.395,10.5,um,Spot,Position,1,4663,
3104.67,311.512,7.81333,um,Spot,Position,1,4688,
3099.45,328.358,8.26264,um,Spot,Position,1,4690,
3081.26,252.172,9.57853,um,Spot,Position,1,4691,
3143.11,255.023,10.5,um,Spot,Position,1,4696,
3148.6,280.26,10.5,um,Spot,Position,1,4697,
3223.72,266.129,10.5,um,Spot,Position,1,4735,
3221.69,304.728,10.5,um,Spot,Position,1,4744,
3230.52,306.385,10.5,um,Spot,Position,1,4747,
3203.82,312.071,10.5,um,Spot,Position,1,4750,
3251.78,290.325,6.66408,um,Spot,Position,1,4765,
3311.12,285.291,10.5,um,Spot,Position,1,4795,
3290.42,285.835,10.5,um,Spot,Position,1,4796,
3247.43,293.354,10.5,um,Spot,Position,1,4799,
3301.99,301.431,10.5,um,Spot,Position,1,4807,
3296.73,305.49,10.5,um,Spot,Position,1,4810,
3342.46,290.819,10.5,um,Spot,Position,1,4835,
3337.7,294.234,10.5,um,Spot,Position,1,4836,
3356.78,324.053,10.5,um,Spot,Position,1,4849,
3560.58,319.931,10.5,um,Spot,Position,1,4862,
3568.87,330.454,10.5,um,Spot,Position,1,4865,
3650.69,319.254,10.5,um,Spot,Position,1,4871,
3661.31,259.31,7.6571,um,Spot,Position,1,4881,
3736.94,313.461,7.87774,um,Spot,Position,1,4883,
3725.61,283.079,8.85116,um,Spot,Position,1,4886,
3724.72,296.742,10.5,um,Spot,Position,1,4891,
3779.9,313.625,6.68455,um,Spot,Position,1,4909,
3777.99,286.17,8.16255,um,Spot,Position,1,4912,
3774.15,300.574,10.5,um,Spot,Position,1,4922,
3810.38,305.692,10.5,um,Spot,Position,1,4923,
3805.31,309.139,10.5,um,Spot,Position,1,4924,
3886.88,254.401,6.87112,um,Spot,Position,1,4928,
3873.95,274.31,10.5,um,Spot,Position,1,4938,
3873.07,281.271,10.5,um,Spot,Position,1,4939,
3893.14,287.52,10.5,um,Spot,Position,1,4940,
3855.23,310.739,10.5,um,Spot,Position,1,4945,
2892.55,360.777,6.90894,um,Spot,Position,1,4953,
2886.09,375.254,9.67479,um,Spot,Position,1,4954,
2892.62,389.978,10.5,um,Spot,Position,1,4962,
2895.49,413.902,10.5,um,Spot,Position,1,4964,
2963.19,388.745,7.04184,um,Spot,Position,1,4975,
2984.8,335.715,10.5,um,Spot,Position,1,4981,
2973.06,341.661,10.5,um,Spot,Position,1,4982,
2986.8,345.461,10.5,um,Spot,Position,1,4983,
2921.21,388.376,10.5,um,Spot,Position,1,4994,
3123.48,333.797,8.93591,um,Spot,Position,1,5009,
3202.23,388.49,8.31245,um,Spot,Position,1,5022,
3213.57,377.985,10.5,um,Spot,Position,1,5032,
3231.32,380.155,10.5,um,Spot,Position,1,5033,
3240.96,408.722,10.5,um,Spot,Position,1,5034,
3270.02,364.358,10.5,um,Spot,Position,1,5065,
3250.03,392.625,10.5,um,Spot,Position,1,5074,
3275.42,394.868,10.5,um,Spot,Position,1,5076,
3332.69,343.806,10.5,um,Spot,Position,1,5099,
3335.14,358.401,10.5,um,Spot,Position,1,5103,
3375.41,360.674,10.5,um,Spot,Position,1,5106,
3355.17,363.468,10.5,um,Spot,Position,1,5107,
3552.23,336.544,10.5,um,Spot,Position,1,5141,
3561.93,347.19,10.5,um,Spot,Position,1,5143,
3508.12,363.246,10.5,um,Spot,Position,1,5151,
3505.51,397.839,10.5,um,Spot,Position,1,5164,
3509.98,405.755,10.5,um,Spot,Position,1,5166,
3624.27,352.542,8.83894,um,Spot,Position,1,5179,
3626.49,368.297,10.5,um,Spot,Position,1,5187,
3677.16,336.872,10.5,um,Spot,Position,1,5192,
3665.73,344.761,10.5,um,Spot,Position,1,5194,
2714.33,452.836,9.5365,um,Spot,Position,1,5204,
2744.57,430.966,10.5,um,Spot,Position,1,5206,
2721.13,434.17,10.5,um,Spot,Position,1,5207,
2699.17,451.985,10.5,um,Spot,Position,1,5209,
2745.5,463.239,10.5,um,Spot,Position,1,5211,
2750.07,498.155,6.66962,um,Spot,Position,1,5218,
2748.81,465.782,7.7534,um,Spot,Position,1,5219,
2754.09,474.527,8.16399,um,Spot,Position,1,5220,
2762.16,456.964,9.03466,um,Spot,Position,1,5225,
2755.91,434.173,10.5,um,Spot,Position,1,5229,
2804.95,446.747,10.5,um,Spot,Position,1,5230,
2775.36,447.34,10.5,um,Spot,Position,1,5231,
2756.09,453.109,10.5,um,Spot,Position,1,5232,
2901.3,439.222,6.43897,um,Spot,Position,1,5235,
2851.11,441.457,6.93888,um,Spot,Position,1,5236,
2878.18,445.159,5.73167,um,Spot,Position,1,5237,
2891.18,478.997,6.70657,um,Spot,Position,1,5238,
2886.48,479.623,7.90976,um,Spot,Position,1,5239,
2862.98,454.916,9.65724,um,Spot,Position,1,5240,
2907.88,432.501,10.5,um,Spot,Position,1,5244,
2859.54,445.101,10.5,um,Spot,Position,1,5245,
2841.48,483.059,10.5,um,Spot,Position,1,5246,
2913.53,434.434,6.25714,um,Spot,Position,1,5249,
2914.75,495.755,5.79205,um,Spot,Position,1,5250,
2916.69,417.835,7.37123,um,Spot,Position,1,5251,
2925.14,421.428,10.5,um,Spot,Position,1,5252,
3317.16,465.34,10.5,um,Spot,Position,1,5307,
3298.33,466.768,10.5,um,Spot,Position,1,5308,
3324.33,469.582,10.5,um,Spot,Position,1,5310,
3299.03,477.034,10.5,um,Spot,Position,1,5315,
3310.13,497.788,10.5,um,Spot,Position,1,5329,
3355.05,429.171,10.5,um,Spot,Position,1,5346,
3354.95,439.559,10.5,um,Spot,Position,1,5354,
3401.91,490.544,10.5,um,Spot,Position,1,5372,
3515.07,457.335,6.03841,um,Spot,Position,1,5384,
3556.71,488.883,5.81826,um,Spot,Position,1,5385,
3524.47,463.926,7.98082,um,Spot,Position,1,5389,
3500.77,447.973,9.31025,um,Spot,Position,1,5393,
3499.48,436.303,10.5,um,Spot,Position,1,5401,
3515.26,446.704,10.5,um,Spot,Position,1,5402,
3579.29,467.098,8.06842,um,Spot,Position,1,5406,
2648.48,540.29,8.71288,um,Spot,Position,1,5407,
2644.18,502.575,10.5,um,Spot,Position,1,5408,
2667.81,524.641,5.87107,um,Spot,Position,1,5411,
2667.55,554.679,6.94927,um,Spot,Position,1,5412,
2679.03,557.912,5.93767,um,Spot,Position,1,5413,
2694.7,519.988,7.44678,um,Spot,Position,1,5414,
2705.4,500.089,10.5,um,Spot,Position,1,5415,
2735.65,535.842,10.5,um,Spot,Position,1,5419,
2733.12,541.076,10.5,um,Spot,Position,1,5421,
2700.87,573.273,10.5,um,Spot,Position,1,5426,
2728.99,578.925,10.5,um,Spot,Position,1,5427,
2750.31,511.417,8.38802,um,Spot,Position,1,5431,
2748.65,520.672,8.39166,um,Spot,Position,1,5432,
2799.98,522.909,10.5,um,Spot,Position,1,5435,
2820.86,538.152,10.5,um,Spot,Position,1,5436,
3318.79,504.956,10.5,um,Spot,Position,1,5465,
3302.77,548.533,10.5,um,Spot,Position,1,5494,
3295.1,562.873,10.5,um,Spot,Position,1,5498,
3302.11,570.241,10.5,um,Spot,Position,1,5502,
3365.7,503.787,10.5,um,Spot,Position,1,5536,
3391.55,542.909,10.5,um,Spot,Position,1,5539,
3368.69,544.516,10.5,um,Spot,Position,1,5540,
3431.59,565.206,6.21776,um,Spot,Position,1,5548,
3461.87,532.798,10.5,um,Spot,Position,1,5555,
3466.16,537.583,10.5,um,Spot,Position,1,5556,
3466.56,574.935,10.5,um,Spot,Position,1,5559,
3573.63,578.806,6.91832,um,Spot,Position,1,5560,
3558.09,564.373,10.5,um,Spot,Position,1,5586,
2650.08,649.49,7.50177,um,Spot,Position,1,5595,
2643.32,589.437,10.5,um,Spot,Position,1,5600,
2653.97,590.101,10.5,um,Spot,Position,1,5601,
2655.87,644.273,10.5,um,Spot,Position,1,5603,
2645.02,657.336,10.5,um,Spot,Position,1,5605,
2728.18,659.138,7.38546,um,Spot,Position,1,5611,
2683.58,588.937,10.5,um,Spot,Position,1,5616,
2686.7,597.713,10.5,um,Spot,Position,1,5618,
2678.28,600.866,10.5,um,Spot,Position,1,5619,
2727.5,633.654,10.5,um,Spot,Position,1,5627,
2680,640.186,10.5,um,Spot,Position,1,5630,
2692.71,639.949,10.5,um,Spot,Position,1,5631,
2797.38,590.143,10.5,um,Spot,Position,1,5634,
2793.49,599.921,10.5,um,Spot,Position,1,5636,
3289.95,610.097,10.5,um,Spot,Position,1,5664,
3309.69,631.619,10.5,um,Spot,Position,1,5679,
3298.28,638.108,10.5,um,Spot,Position,1,5680,
3409.11,596.596,10.5,um,Spot,Position,1,5709,
3330.88,605.11,10.5,um,Spot,Position,1,5713,
3373.77,642.736,10.5,um,Spot,Position,1,5749,
3476.43,584.98,10.5,um,Spot,Position,1,5777,
3418.81,607.334,10.5,um,Spot,Position,1,5784,
3462.55,621.722,10.5,um,Spot,Position,1,5791,
3491.21,647.719,10.5,um,Spot,Position,1,5813,
3513.77,586.597,10.5,um,Spot,Position,1,5836,
3509.46,599.617,10.5,um,Spot,Position,1,5839,
1484.14,745.19,8.02533,um,Spot,Position,1,5862,
1551.31,733.09,10.5,um,Spot,Position,1,5868,
1643.49,731.395,5.93219,um,Spot,Position,1,5869,
1656.08,728.556,7.54117,um,Spot,Position,1,5871,
2632.74,668.482,10.5,um,Spot,Position,1,5889,
2624.31,709.727,10.5,um,Spot,Position,1,5890,
2614.55,731.684,10.5,um,Spot,Position,1,5891,
2628.53,737.789,10.5,um,Spot,Position,1,5892,
2720.19,674.533,7.40017,um,Spot,Position,1,5896,
2702.37,675.245,7.3176,um,Spot,Position,1,5897,
2715.52,699.351,8.24215,um,Spot,Position,1,5898,
2714.97,684.748,10.5,um,Spot,Position,1,5903,
2700.49,688.642,10.5,um,Spot,Position,1,5904,
2710.98,696.567,10.5,um,Spot,Position,1,5905,
3359.46,673.644,6.13704,um,Spot,Position,1,5911,
3405.65,671.012,10.5,um,Spot,Position,1,5912,
3435.65,674.682,10.5,um,Spot,Position,1,5922,
2522.99,824.627,6.02552,um,Spot,Position,1,5961,
2539.72,818.471,10.5,um,Spot,Position,1,5963,
2639.59,750.77,10.5,um,Spot,Position,1,5993,
2592.34,757.977,10.5,um,Spot,Position,1,5995,
2621.91,782.475,10.5,um,Spot,Position,1,5998,
2615.2,786.273,10.5,um,Spot,Position,1,5999,
2681.37,796.414,6.42672,um,Spot,Position,1,6005,
2671.29,755.006,10.5,um,Spot,Position,1,6007,
2672.47,797.251,10.5,um,Spot,Position,1,6009,
825.99,905.475,7.51132,um,Spot,Position,1,6011,
992.163,858.93,8.25277,um,Spot,Position,1,6018,
1130.12,914.155,10.5,um,Spot,Position,1,6025,
1320.12,852.157,9.44475,um,Spot,Position,1,6029,
1372.62,897.379,5.74355,um,Spot,Position,1,6032,
1424.91,876.957,10.5,um,Spot,Position,1,6036,
1427.92,881.353,10.5,um,Spot,Position,1,6037,
1655.63,858.159,6.61211,um,Spot,Position,1,6043,
1618.64,858.34,9.57861,um,Spot,Position,1,6047,
1613.71,901.466,10.5,um,Spot,Position,1,6059,
1723.92,911.151,10.5,um,Spot,Position,1,6084,
1739.52,912.642,10.5,um,Spot,Position,1,6085,
1782.69,890.243,10.5,um,Spot,Position,1,6096,
1840.95,913.322,7.10933,um,Spot,Position,1,6098,
1867.11,889.245,9.17123,um,Spot,Position,1,6099,
1957.93,897.922,10.5,um,Spot,Position,1,6101,
1983.76,909.142,10.5,um,Spot,Position,1,6102,
1973.47,914.516,10.5,um,Spot,Position,1,6103,
2055.48,911.333,6.6013,um,Spot,Position,1,6105,
2048.07,900.593,8.94424,um,Spot,Position,1,6106,
2159.04,894.055,10.5,um,Spot,Position,1,6111,
2106.89,898.73,10.5,um,Spot,Position,1,6112,
2156.23,904.062,10.5,um,Spot,Position,1,6113,
2089.54,909.701,10.5,um,Spot,Position,1,6115,
2205.28,897.717,6.03947,um,Spot,Position,1,6117,
2233.45,902.734,8.52219,um,Spot,Position,1,6121,
2172.69,905.125,10.5,um,Spot,Position,1,6125,
2233.16,909.555,10.5,um,Spot,Position,1,6126,
2267.16,898.319,9.28728,um,Spot,Position,1,6128,
2306.89,895.825,10.5,um,Spot,Position,1,6129,
2316.69,898.661,10.5,um,Spot,Position,1,6130,
2302.86,902.243,10.5,um,Spot,Position,1,6131,
2360.06,887.504,10.5,um,Spot,Position,1,6135,
2354.06,894.979,10.5,um,Spot,Position,1,6136,
2450.57,860.744,10.5,um,Spot,Position,1,6144,
2432.24,869.361,10.5,um,Spot,Position,1,6146,
2452.67,869.875,10.5,um,Spot,Position,1,6147,
2477.79,890.651,10.5,um,Spot,Position,1,6149,
2550.19,842.934,9.32504,um,Spot,Position,1,6160,
2558.46,836.173,10.5,um,Spot,Position,1,6165,
2534.47,862.5,10.5,um,Spot,Position,1,6170,
2519.25,893.227,10.5,um,Spot,Position,1,6176,
2537.01,895.419,10.5,um,Spot,Position,1,6177,
2506.96,913.422,10.5,um,Spot,Position,1,6179,
2644.38,871.522,6.71336,um,Spot,Position,1,6182,
2624.47,864.837,10.5,um,Spot,Position,1,6188,
2608.93,874.268,10.5,um,Spot,Position,1,6189,
2601.09,878.822,10.5,um,Spot,Position,1,6191,
2587.86,889.379,10.5,um,Spot,Position,1,6193,
809.945,929.285,7.29843,um,Spot,Position,1,6200,
771.127,974.704,10.5,um,Spot,Position,1,6202,
905.129,951.704,6.49464,um,Spot,Position,1,6208,
897.789,958.462,7.81523,um,Spot,Position,1,6209,
1019.52,965.057,6.08326,um,Spot,Position,1,6212,
1031.05,963.447,7.29475,um,Spot,Position,1,6213,
1112.52,919.044,6.34005,um,Spot,Position,1,6214,
1126.82,920.278,6.51296,um,Spot,Position,1,6215,
1100.54,944.712,6.21551,um,Spot,Position,1,6217,
1126.06,983.797,8.0052,um,Spot,Position,1,6218,
1179.64,959.004,6.45755,um,Spot,Position,1,6220,
1720.14,918.124,10.5,um,Spot,Position,1,6235,
1734.8,967.864,10.5,um,Spot,Position,1,6241,
1763.39,941.639,10.5,um,Spot,Position,1,6246,
1756.89,982.154,10.5,um,Spot,Position,1,6247,
1850.46,919.077,10.5,um,Spot,Position,1,6249,
1958.74,966.311,7.22193,um,Spot,Position,1,6255,
1986.92,918.927,9.40133,um,Spot,Position,1,6257,
1962.06,960.339,9.01225,um,Spot,Position,1,6258,
1964.45,939.9,10.5,um,Spot,Position,1,6262,
1962.99,977.548,10.5,um,Spot,Position,1,6263,
2042.62,919.851,10.5,um,Spot,Position,1,6281,
2032.59,940.97,10.5,um,Spot,Position,1,6282,
2046.33,996.337,10.5,um,Spot,Position,1,6286,
2136.9,974.244,5.9939,um,Spot,Position,1,6292,
2158.57,957.504,10.5,um,Spot,Position,1,6313,
2097.71,974.68,10.5,um,Spot,Position,1,6317,
2153.3,982.627,10.5,um,Spot,Position,1,6319,
2097.68,983.564,10.5,um,Spot,Position,1,6320,
2186.11,916.715,10.5,um,Spot,Position,1,6336,
2197.43,935.954,10.5,um,Spot,Position,1,6344,
2189.18,950.292,10.5,um,Spot,Position,1,6348,
2169.5,951.423,10.5,um,Spot,Position,1,6350,
2259.5,916.554,10.5,um,Spot,Position,1,6368,
2264.3,926.823,10.5,um,Spot,Position,1,6369,
2309.91,927.597,10.5,um,Spot,Position,1,6370,
2284.09,953.555,10.5,um,Spot,Position,1,6374,
2317.55,955.809,10.5,um,Spot,Position,1,6375,
2275.21,965.642,10.5,um,Spot,Position,1,6377,
2367.42,916.961,10.5,um,Spot,Position,1,6390,
2351.74,943.457,10.5,um,Spot,Position,1,6397,
2357.01,955.854,10.5,um,Spot,Position,1,6401,
2373.37,974.644,10.5,um,Spot,Position,1,6403,
2329.75,991.725,10.5,um,Spot,Position,1,6404,
2379.9,993.303,10.5,um,Spot,Position,1,6405,
2468.2,979.943,7.62978,um,Spot,Position,1,6407,
2468.1,930.924,10.5,um,Spot,Position,1,6409,
2418.26,946.127,10.5,um,Spot,Position,1,6412,
2568.76,925.299,7.63702,um,Spot,Position,1,6415,
2527.33,936.557,10.5,um,Spot,Position,1,6416,
2542.08,939.049,10.5,um,Spot,Position,1,6417,
2529.58,948.222,10.5,um,Spot,Position,1,6419,
1843.04,1007.42,6.35883,um,Spot,Position,1,6443,
1835.66,1026.01,6.7465,um,Spot,Position,1,6444,
1850.41,1019.73,9.41302,um,Spot,Position,1,6445,
1874.89,1037.5,10.5,um,Spot,Position,1,6446,
1950.64,1028.9,6.92053,um,Spot,Position,1,6451,
2075.06,1034.32,6.95382,um,Spot,Position,1,6458,
2016.95,1038.57,6.13525,um,Spot,Position,1,6459,
2071.6,1014.69,8.17367,um,Spot,Position,1,6460,
2049.09,1003.64,9.02712,um,Spot,Position,1,6462,
2037.83,1040.16,10.5,um,Spot,Position,1,6465,
2162.25,1029.3,8.00097,um,Spot,Position,1,6478,
2135.07,1023.25,8.87693,um,Spot,Position,1,6479,
2085.54,1024.37,10.5,um,Spot,Position,1,6481,
2095.4,1025.06,10.5,um,Spot,Position,1,6482,
2192.7,1005.09,10.5,um,Spot,Position,1,6492,
2258.66,1000.21,10.5,um,Spot,Position,1,6502,
2318.66,1011.42,10.5,um,Spot,Position,1,6503,
2255.06,1018.39,10.5,um,Spot,Position,1,6504,
2318.22,1035.89,10.5,um,Spot,Position,1,6505,
2340.55,1006.39,10.5,um,Spot,Position,1,6508,
2348.8,1015.68,10.5,um,Spot,Position,1,6509,
2356.09,1016.22,10.5,um,Spot,Position,1,6510,
2334,1020.78,10.5,um,Spot,Position,1,6511,
