
Position
 ==================== 
Position X,Position Y,Position Z,Unit,Category,Collection,Time,ID,
2983.22,212.492,0.7,um,Spot,Position,1,0,
2988.5,227.261,0.7,um,Spot,Position,1,2,
2990.69,234.253,0.7,um,Spot,Position,1,4,
2947.89,241.127,0.7,um,Spot,Position,1,5,
2985.28,240.831,3.72914,um,Spot,Position,1,6,
2965.8,246.338,3.35836,um,Spot,Position,1,7,
3050.06,191.525,0.7,um,Spot,Position,1,10,
3049.36,198.971,0.7,um,Spot,Position,1,12,
3015.3,202.107,0.7,um,Spot,Position,1,13,
3061.01,207.034,0.7,um,Spot,Position,1,14,
3004.69,207.487,0.7,um,Spot,Position,1,15,
3071.65,217.377,0.7,um,Spot,Position,1,17,
3057.66,218.478,0.7,um,Spot,Position,1,18,
3070.78,223.252,0.7,um,Spot,Position,1,19,
3027.91,229.537,0.7,um,Spot,Position,1,20,
3000.67,233.082,0.7,um,Spot,Position,1,22,
2998.35,243.273,0.7,um,Spot,Position,1,24,
3155.21,179.749,0.7,um,Spot,Position,1,30,
3123.97,187.319,0.7,um,Spot,Position,1,31,
3109.58,247.672,0.7,um,Spot,Position,1,33,
3157.88,248.137,0.7,um,Spot,Position,1,34,
3135.17,195.701,2.89098,um,Spot,Position,1,38,
3142.01,187.21,4.32218,um,Spot,Position,1,39,
3095.53,189.14,4.7048,um,Spot,Position,1,40,
3128.47,238.338,4.29465,um,Spot,Position,1,44,
3202.32,189.97,0.7,um,Spot,Position,1,50,
3168.06,203.153,0.7,um,Spot,Position,1,54,
3169.83,225.183,2.47305,um,Spot,Position,1,67,
3231.72,220.009,3.76727,um,Spot,Position,1,69,
3194.5,235.773,2.95678,um,Spot,Position,1,70,
3184.38,212.012,4.78208,um,Spot,Position,1,71,
3222.27,230.788,5.43935,um,Spot,Position,1,73,
3206.99,238.355,5.40373,um,Spot,Position,1,75,
3251.49,205.492,0.7,um,Spot,Position,1,77,
3267.66,242.455,5.11463,um,Spot,Position,1,92,
3332.35,248.589,0.7,um,Spot,Position,1,94,
3648.35,226.38,0.7,um,Spot,Position,1,95,
3622.54,243.74,0.7,um,Spot,Position,1,96,
3734.4,200.876,0.7,um,Spot,Position,1,98,
3717.44,205.434,0.7,um,Spot,Position,1,99,
3697.37,207.068,0.7,um,Spot,Position,1,100,
3689.3,235.259,0.7,um,Spot,Position,1,105,
3711.56,242.743,2.44679,um,Spot,Position,1,106,
3672.17,230.953,3.1892,um,Spot,Position,1,109,
3732.37,243.64,3.37307,um,Spot,Position,1,110,
3768.56,207.768,0.7,um,Spot,Position,1,115,
3745.61,218.782,0.7,um,Spot,Position,1,116,
3801.04,202.898,2.12865,um,Spot,Position,1,119,
3775.03,232.431,3.6665,um,Spot,Position,1,120,
3816.54,243.085,5.25134,um,Spot,Position,1,121,
3869.77,225.38,0.7,um,Spot,Position,1,128,
3885.61,231.978,0.7,um,Spot,Position,1,129,
3827.39,214.166,3.36504,um,Spot,Position,1,136,
3828.6,230.58,5.11443,um,Spot,Position,1,137,
2909.83,284.332,0.7,um,Spot,Position,1,138,
2905.89,313.564,0.7,um,Spot,Position,1,142,
2881.35,325.537,0.7,um,Spot,Position,1,143,
2886.94,327.221,0.7,um,Spot,Position,1,144,
2904.9,327.437,0.7,um,Spot,Position,1,145,
2893.83,331.344,0.7,um,Spot,Position,1,146,
2929.97,258.438,0.7,um,Spot,Position,1,149,
2942.65,273.757,0.7,um,Spot,Position,1,151,
2927.08,292.984,0.7,um,Spot,Position,1,153,
2946.46,329.056,0.7,um,Spot,Position,1,155,
2948.29,267.596,3.35994,um,Spot,Position,1,158,
2937.84,280.869,3.02217,um,Spot,Position,1,159,
2943.29,311.338,3.13528,um,Spot,Position,1,161,
2912.47,330.176,2.92629,um,Spot,Position,1,162,
2969.91,273.435,4.29544,um,Spot,Position,1,163,
2922.22,294.809,5.42381,um,Spot,Position,1,164,
2965.38,301.955,4.34991,um,Spot,Position,1,165,
2925.25,319.154,5.18278,um,Spot,Position,1,167,
2989.31,329.256,4.79916,um,Spot,Position,1,168,
2996.28,255.803,0.7,um,Spot,Position,1,169,
3046.56,261.587,0.7,um,Spot,Position,1,170,
3049.77,273.466,0.7,um,Spot,Position,1,171,
3037.9,274.827,0.7,um,Spot,Position,1,172,
3057.95,282.305,0.7,um,Spot,Position,1,174,
3070.76,286.369,0.7,um,Spot,Position,1,176,
3047.83,290.723,0.7,um,Spot,Position,1,177,
3064.42,301.815,0.7,um,Spot,Position,1,179,
3002.6,302.369,0.7,um,Spot,Position,1,180,
3041.37,328.13,0.7,um,Spot,Position,1,181,
2998.02,308.412,3.75759,um,Spot,Position,1,184,
3027.93,306.191,5.25185,um,Spot,Position,1,186,
3122.88,268.365,0.7,um,Spot,Position,1,188,
3104.17,278.952,0.7,um,Spot,Position,1,189,
3102.51,296.033,0.7,um,Spot,Position,1,191,
3102.24,306.441,0.7,um,Spot,Position,1,192,
3142.91,329.498,0.7,um,Spot,Position,1,193,
3139.3,330.667,0.7,um,Spot,Position,1,194,
3101.29,253.039,1.40471,um,Spot,Position,1,195,
3113.37,258.768,1.93882,um,Spot,Position,1,196,
3109.41,263.791,3.73141,um,Spot,Position,1,197,
3086.36,298.768,3.99723,um,Spot,Position,1,198,
3161.3,304.03,3.06878,um,Spot,Position,1,199,
3135.21,316.321,3.35851,um,Spot,Position,1,200,
3137.61,301.943,5.1922,um,Spot,Position,1,201,
3115.22,322.866,5.15029,um,Spot,Position,1,203,
3164.97,276.651,0.7,um,Spot,Position,1,207,
3212.46,292.127,0.7,um,Spot,Position,1,209,
3191.68,266.551,2.6277,um,Spot,Position,1,215,
3215.58,279.226,3.55994,um,Spot,Position,1,218,
3217.69,284.704,3.77811,um,Spot,Position,1,220,
3184.78,317.94,2.83662,um,Spot,Position,1,221,
3166.12,325.187,4.06247,um,Spot,Position,1,222,
3208.48,294.349,5.17443,um,Spot,Position,1,224,
3234.99,307.195,4.47506,um,Spot,Position,1,225,
3292.23,250.651,5.04149,um,Spot,Position,1,259,
3362.14,305.362,0.7,um,Spot,Position,1,271,
3366.82,317.038,0.7,um,Spot,Position,1,272,
3524.74,307.212,0.7,um,Spot,Position,1,283,
3556.86,292.01,3.96311,um,Spot,Position,1,287,
3583.85,272.054,0.7,um,Spot,Position,1,289,
3630.88,273.715,0.7,um,Spot,Position,1,290,
3593.04,281.671,0.7,um,Spot,Position,1,291,
3630.14,281.636,0.7,um,Spot,Position,1,292,
3639.29,325.908,0.7,um,Spot,Position,1,293,
3649.43,263.059,2.21364,um,Spot,Position,1,294,
3597.36,326.652,4.88676,um,Spot,Position,1,296,
3682.98,261.394,0.7,um,Spot,Position,1,298,
3717.02,264.034,0.7,um,Spot,Position,1,299,
3742.53,320.48,0.7,um,Spot,Position,1,302,
3692.53,263.232,1.4574,um,Spot,Position,1,303,
3714.47,287.216,2.00692,um,Spot,Position,1,304,
3662.42,301.577,3.70906,um,Spot,Position,1,305,
3712.2,319.162,3.54321,um,Spot,Position,1,306,
3743.14,287.767,4.37865,um,Spot,Position,1,307,
3689.13,298.749,4.99876,um,Spot,Position,1,308,
3669.46,299.274,4.8994,um,Spot,Position,1,309,
3683.01,318.959,5.45503,um,Spot,Position,1,311,
3750.42,255.827,0.7,um,Spot,Position,1,312,
3747.02,286.784,0.7,um,Spot,Position,1,313,
3766.34,287.687,0.7,um,Spot,Position,1,314,
3827.07,310.265,0.7,um,Spot,Position,1,318,
3802.25,311.344,0.7,um,Spot,Position,1,319,
3771.79,257.112,2.61888,um,Spot,Position,1,327,
3754.15,274.806,1.90959,um,Spot,Position,1,328,
3827.01,274.233,4.02138,um,Spot,Position,1,329,
3753.04,318.162,3.27302,um,Spot,Position,1,330,
3792.22,255.017,5.25733,um,Spot,Position,1,331,
3780.19,266.314,4.88465,um,Spot,Position,1,332,
3803.08,276.18,4.97305,um,Spot,Position,1,333,
3819.03,278.636,4.86798,um,Spot,Position,1,334,
3762.69,289.823,5.42082,um,Spot,Position,1,335,
3823.07,329.191,4.8008,um,Spot,Position,1,336,
3867.58,251.302,0.7,um,Spot,Position,1,337,
3885.18,268.882,0.7,um,Spot,Position,1,338,
3866.05,270.278,0.7,um,Spot,Position,1,339,
3885.84,285.084,0.7,um,Spot,Position,1,341,
3848.08,309.879,0.7,um,Spot,Position,1,343,
3852.89,250.093,3.36708,um,Spot,Position,1,347,
3831.86,256.064,3.67883,um,Spot,Position,1,348,
3859.41,302.191,3.6129,um,Spot,Position,1,349,
3889.22,252.45,4.30594,um,Spot,Position,1,350,
3849.64,289.389,5.12266,um,Spot,Position,1,351,
3844.49,296.086,4.9744,um,Spot,Position,1,352,
3861.1,308.94,5.46741,um,Spot,Position,1,353,
2902.01,341.464,0.7,um,Spot,Position,1,361,
2885.27,346.036,0.7,um,Spot,Position,1,362,
2901.06,351.598,0.7,um,Spot,Position,1,363,
2870.75,359.157,0.7,um,Spot,Position,1,364,
2892.86,361.304,0.7,um,Spot,Position,1,365,
2895.64,372.489,0.7,um,Spot,Position,1,368,
2867.2,384.63,0.7,um,Spot,Position,1,369,
2910.34,389.866,0.7,um,Spot,Position,1,370,
2894.34,394.028,0.7,um,Spot,Position,1,371,
2861.77,396.964,0.7,um,Spot,Position,1,372,
2886.32,369.11,1.50697,um,Spot,Position,1,376,
2903.19,374.026,2.75778,um,Spot,Position,1,377,
2896.08,414.52,2.43246,um,Spot,Position,1,379,
2874.2,386.361,4.10726,um,Spot,Position,1,380,
2877.4,399.615,5.1633,um,Spot,Position,1,382,
2947.19,353.79,0.7,um,Spot,Position,1,385,
2961.83,355.631,0.7,um,Spot,Position,1,386,
2913.35,364.476,0.7,um,Spot,Position,1,387,
2970,380.126,0.7,um,Spot,Position,1,388,
2972.7,384.716,0.7,um,Spot,Position,1,389,
2955.72,385.257,0.7,um,Spot,Position,1,390,
2964.23,337.471,2.65166,um,Spot,Position,1,392,
2925.24,352.69,1.51326,um,Spot,Position,1,393,
2931.13,338.859,3.65434,um,Spot,Position,1,394,
2942.78,362.345,3.4628,um,Spot,Position,1,395,
2951.26,398.603,3.85004,um,Spot,Position,1,397,
2934.81,399.28,4.9171,um,Spot,Position,1,398,
2938.63,412.592,5.41494,um,Spot,Position,1,400,
3064.33,338.707,0.7,um,Spot,Position,1,401,
3058.26,343.127,0.7,um,Spot,Position,1,402,
3042.11,343.716,0.7,um,Spot,Position,1,403,
3060.98,347.155,0.7,um,Spot,Position,1,404,
3000.72,347.433,0.7,um,Spot,Position,1,405,
3036.41,350.862,0.7,um,Spot,Position,1,406,
3050.52,353.259,0.7,um,Spot,Position,1,407,
3071.78,353.091,0.7,um,Spot,Position,1,408,
3007.75,358.609,0.7,um,Spot,Position,1,409,
3012.23,366.533,0.7,um,Spot,Position,1,411,
3001.38,376.553,0.7,um,Spot,Position,1,413,
3114.1,335.627,0.7,um,Spot,Position,1,420,
3099.7,347.049,0.7,um,Spot,Position,1,421,
3081.47,354.324,0.7,um,Spot,Position,1,423,
3156.75,370.725,0.7,um,Spot,Position,1,427,
3162.46,336.678,0.7,um,Spot,Position,1,430,
3181.72,338.196,0.7,um,Spot,Position,1,431,
3176.05,376.253,0.7,um,Spot,Position,1,443,
3235.92,398.391,0.7,um,Spot,Position,1,451,
3208.82,349.348,2.25059,um,Spot,Position,1,459,
3197.57,390.829,1.64851,um,Spot,Position,1,460,
3184.85,347.442,3.53715,um,Spot,Position,1,461,
3273.13,353.637,0.7,um,Spot,Position,1,469,
3257.91,357.274,0.7,um,Spot,Position,1,471,
3248.18,375.458,0.7,um,Spot,Position,1,476,
3480.74,400.925,0.7,um,Spot,Position,1,524,
3481.63,411.717,0.7,um,Spot,Position,1,525,
3514.25,333.495,0.7,um,Spot,Position,1,526,
3499.3,363.351,0.7,um,Spot,Position,1,529,
3577.54,374.189,0.7,um,Spot,Position,1,530,
3571.67,413.256,0.7,um,Spot,Position,1,532,
3570.04,390.544,1.83124,um,Spot,Position,1,533,
3569.59,383.806,2.80319,um,Spot,Position,1,534,
3552.09,406.548,3.1363,um,Spot,Position,1,535,
3521.44,412.87,5.2343,um,Spot,Position,1,537,
3607.49,364.193,0.7,um,Spot,Position,1,539,
3642.17,370.237,0.7,um,Spot,Position,1,540,
3623.59,374.003,0.7,um,Spot,Position,1,541,
3653.98,377.779,0.7,um,Spot,Position,1,542,
3608.91,387.453,0.7,um,Spot,Position,1,544,
3597.13,406.581,0.7,um,Spot,Position,1,549,
3624.99,407.653,0.7,um,Spot,Position,1,550,
3630.11,407.918,0.7,um,Spot,Position,1,551,
3587.46,397.604,1.94749,um,Spot,Position,1,554,
3636.12,334.742,3.40586,um,Spot,Position,1,555,
3643.34,340.826,3.00898,um,Spot,Position,1,556,
3611.82,342.324,3.90194,um,Spot,Position,1,557,
3591.35,348.329,3.47886,um,Spot,Position,1,558,
3603.2,393.141,2.92478,um,Spot,Position,1,559,
3656.42,333.913,4.56937,um,Spot,Position,1,560,
3705.38,337.477,0.7,um,Spot,Position,1,564,
3721.1,341.338,0.7,um,Spot,Position,1,565,
3691.93,349.425,0.7,um,Spot,Position,1,566,
3669.62,358.852,0.7,um,Spot,Position,1,567,
3687.23,362.478,0.7,um,Spot,Position,1,568,
3702.02,347.942,1.60245,um,Spot,Position,1,571,
2658.42,475.183,0.7,um,Spot,Position,1,573,
2726.89,416.871,0.7,um,Spot,Position,1,578,
2735.07,423.185,0.7,um,Spot,Position,1,579,
2726.66,447.694,0.7,um,Spot,Position,1,583,
2692.11,448.853,0.7,um,Spot,Position,1,584,
2711.56,451.943,0.7,um,Spot,Position,1,585,
2742.11,459.546,0.7,um,Spot,Position,1,587,
2728.19,466.563,0.7,um,Spot,Position,1,589,
2744.63,467.993,0.7,um,Spot,Position,1,590,
2677.46,468.661,0.7,um,Spot,Position,1,592,
2734.82,470.265,0.7,um,Spot,Position,1,593,
2738.8,470.209,0.7,um,Spot,Position,1,594,
2721.49,474.731,0.7,um,Spot,Position,1,595,
2732.78,476.363,0.7,um,Spot,Position,1,596,
2733.94,487.121,0.7,um,Spot,Position,1,598,
2717.09,487.407,0.7,um,Spot,Position,1,599,
2745.37,488.544,0.7,um,Spot,Position,1,600,
2725.03,496.798,0.7,um,Spot,Position,1,602,
2721.41,461.599,2.52467,um,Spot,Position,1,605,
2698.99,452.657,3.8879,um,Spot,Position,1,607,
2734.63,455.464,3.86414,um,Spot,Position,1,608,
2725.45,483.53,2.88379,um,Spot,Position,1,609,
2720.79,440.707,4.48713,um,Spot,Position,1,610,
2716.17,448.769,4.89893,um,Spot,Position,1,612,
2807.61,417.468,0.7,um,Spot,Position,1,613,
2781.41,424.861,0.7,um,Spot,Position,1,616,
2777.62,442.379,0.7,um,Spot,Position,1,619,
2762.01,450.71,0.7,um,Spot,Position,1,620,
2753.36,467.243,0.7,um,Spot,Position,1,622,
2760.29,469.833,0.7,um,Spot,Position,1,623,
2748.39,474.657,0.7,um,Spot,Position,1,624,
2800.24,481.262,0.7,um,Spot,Position,1,626,
2775.52,433.058,1.91761,um,Spot,Position,1,631,
2782.88,470.898,1.47288,um,Spot,Position,1,632,
2786.23,430.917,3.28756,um,Spot,Position,1,633,
2750.24,438.075,3.70077,um,Spot,Position,1,635,
2763.34,440.463,3.79745,um,Spot,Position,1,636,
2767,464.685,3.10257,um,Spot,Position,1,637,
2766.63,477.957,2.80525,um,Spot,Position,1,638,
2756.8,481.046,2.83482,um,Spot,Position,1,639,
2765.67,490.103,3.51278,um,Spot,Position,1,640,
2792.65,444.292,4.24106,um,Spot,Position,1,642,
2794.5,451.521,5.38015,um,Spot,Position,1,644,
2746.89,452.204,4.66803,um,Spot,Position,1,645,
2771.84,455.421,4.68823,um,Spot,Position,1,646,
2785.13,456.993,4.55001,um,Spot,Position,1,647,
2787.61,480.763,4.68689,um,Spot,Position,1,651,
2879.86,423.625,0.7,um,Spot,Position,1,652,
2867.43,434.122,0.7,um,Spot,Position,1,656,
2901.33,439.559,0.7,um,Spot,Position,1,658,
2887.32,440.347,0.7,um,Spot,Position,1,659,
2850.74,441.835,0.7,um,Spot,Position,1,660,
2878.36,445.205,0.7,um,Spot,Position,1,661,
2830.14,451.189,0.7,um,Spot,Position,1,663,
2854.01,458.589,0.7,um,Spot,Position,1,668,
2832.63,467.502,0.7,um,Spot,Position,1,671,
2862.16,471.164,0.7,um,Spot,Position,1,672,
2891.59,479.842,0.7,um,Spot,Position,1,674,
2887.1,483.303,0.7,um,Spot,Position,1,675,
2856,438.83,2.36328,um,Spot,Position,1,680,
2871.03,478.291,1.52965,um,Spot,Position,1,681,
2863.18,455.577,3.60824,um,Spot,Position,1,682,
2884.52,476.705,2.81695,um,Spot,Position,1,684,
2841.63,483.705,4.33612,um,Spot,Position,1,686,
2944.31,421.587,0.7,um,Spot,Position,1,687,
2916.97,425.862,0.7,um,Spot,Position,1,688,
2913.95,434.892,0.7,um,Spot,Position,1,689,
2934.27,438.553,0.7,um,Spot,Position,1,690,
2983.29,439.654,0.7,um,Spot,Position,1,691,
2974.55,446.929,0.7,um,Spot,Position,1,693,
2953.12,456.779,0.7,um,Spot,Position,1,694,
2946.32,468.801,0.7,um,Spot,Position,1,696,
2927.14,493.944,0.7,um,Spot,Position,1,699,
2987.79,431.568,2.1587,um,Spot,Position,1,700,
2968.72,435.742,2.63487,um,Spot,Position,1,701,
2984.29,423.85,2.87295,um,Spot,Position,1,702,
2925.46,421.854,4.30164,um,Spot,Position,1,703,
3232.73,434.491,2.10656,um,Spot,Position,1,713,
3233.15,496.478,1.51294,um,Spot,Position,1,714,
3251.83,425.988,0.7,um,Spot,Position,1,718,
3293.38,469.417,0.7,um,Spot,Position,1,726,
3395.72,419.702,0.7,um,Spot,Position,1,756,
3328.69,421.159,0.7,um,Spot,Position,1,757,
3389.58,469.187,0.7,um,Spot,Position,1,770,
3395.8,490.874,0.7,um,Spot,Position,1,777,
3365.17,489.664,3.78684,um,Spot,Position,1,782,
3474.3,449.029,0.7,um,Spot,Position,1,791,
3469.08,474.092,0.7,um,Spot,Position,1,793,
3459.36,478.675,0.7,um,Spot,Position,1,794,
3469.02,488.023,0.7,um,Spot,Position,1,796,
3461.28,496.222,0.7,um,Spot,Position,1,799,
3481.03,463.417,1.88947,um,Spot,Position,1,801,
3491.67,424.156,3.70839,um,Spot,Position,1,803,
3492.6,429.281,2.93895,um,Spot,Position,1,804,
3549.59,445.79,0.7,um,Spot,Position,1,807,
3576.24,446.316,0.7,um,Spot,Position,1,808,
3540.39,447.065,0.7,um,Spot,Position,1,809,
3568.72,447.462,0.7,um,Spot,Position,1,810,
3497.45,455.028,0.7,um,Spot,Position,1,811,
3504.72,477.861,0.7,um,Spot,Position,1,813,
3538.69,488.845,0.7,um,Spot,Position,1,814,
3508.88,493.122,0.7,um,Spot,Position,1,816,
3499.6,493.388,0.7,um,Spot,Position,1,817,
3540.36,498.277,0.7,um,Spot,Position,1,818,
3538.54,436.723,4.08684,um,Spot,Position,1,821,
3572.99,475.015,3.26831,um,Spot,Position,1,822,
3520.55,476.111,3.04296,um,Spot,Position,1,823,
3553.7,477.662,2.90093,um,Spot,Position,1,824,
3572.72,430.233,5.49986,um,Spot,Position,1,825,
3570.3,460.48,4.52171,um,Spot,Position,1,826,
3606.51,418.45,0.7,um,Spot,Position,1,828,
3586.16,435.698,0.7,um,Spot,Position,1,831,
3598.65,452.155,0.7,um,Spot,Position,1,834,
3620.18,452.193,0.7,um,Spot,Position,1,835,
3624.5,472.798,0.7,um,Spot,Position,1,838,
3590.49,482.232,0.7,um,Spot,Position,1,839,
3613.99,489.089,0.7,um,Spot,Position,1,841,
3614.5,497.239,0.7,um,Spot,Position,1,842,
3589,443.082,4.4543,um,Spot,Position,1,843,
3585.33,498.356,4.22569,um,Spot,Position,1,844,
2622.84,576.776,0.7,um,Spot,Position,1,864,
2648.03,541.213,1.80106,um,Spot,Position,1,865,
2643.71,503.467,5.41279,um,Spot,Position,1,868,
2669.88,507.448,0.7,um,Spot,Position,1,870,
2710.02,514.299,0.7,um,Spot,Position,1,872,
2705.48,518.616,0.7,um,Spot,Position,1,873,
2690.65,519.535,0.7,um,Spot,Position,1,874,
2668.73,524.666,0.7,um,Spot,Position,1,876,
2673.88,526.302,0.7,um,Spot,Position,1,877,
2681.86,537.312,0.7,um,Spot,Position,1,878,
2687.68,547.728,0.7,um,Spot,Position,1,880,
2675.86,551.494,0.7,um,Spot,Position,1,881,
2711.96,557.838,0.7,um,Spot,Position,1,884,
2678.83,558.709,0.7,um,Spot,Position,1,885,
2736.65,570.129,0.7,um,Spot,Position,1,888,
2674,572.823,0.7,um,Spot,Position,1,889,
2741.56,573.353,0.7,um,Spot,Position,1,891,
2732.81,508.439,2.90913,um,Spot,Position,1,892,
2717.15,516.241,3.7349,um,Spot,Position,1,893,
2712.27,526.646,3.73872,um,Spot,Position,1,894,
2732.31,570.238,4.06505,um,Spot,Position,1,895,
2732.96,541.973,4.3844,um,Spot,Position,1,896,
2729.02,579.152,5.04791,um,Spot,Position,1,898,
2762.9,502.848,0.7,um,Spot,Position,1,899,
2754.73,505.721,0.7,um,Spot,Position,1,900,
2817.68,539.361,0.7,um,Spot,Position,1,912,
2777.97,557.616,0.7,um,Spot,Position,1,922,
2825.36,574.737,0.7,um,Spot,Position,1,924,
2750.31,512.715,2.67127,um,Spot,Position,1,929,
2748.48,521.303,2.81763,um,Spot,Position,1,932,
2799.6,527.578,3.14652,um,Spot,Position,1,933,
2864.82,506.545,0.7,um,Spot,Position,1,938,
2906.88,513.72,0.7,um,Spot,Position,1,941,
2866.92,524.121,0.7,um,Spot,Position,1,946,
2921.55,508.266,0.7,um,Spot,Position,1,972,
3284.16,520.602,5.22133,um,Spot,Position,1,1007,
3315.91,528.816,4.93365,um,Spot,Position,1,1009,
3367.65,499.764,0.7,um,Spot,Position,1,1017,
3385.14,519.304,0.7,um,Spot,Position,1,1022,
3381.23,526.207,0.7,um,Spot,Position,1,1025,
3404.12,537.395,2.95237,um,Spot,Position,1,1042,
3328.83,499.828,5.02687,um,Spot,Position,1,1043,
3344.98,567.177,5.42085,um,Spot,Position,1,1046,
3488.29,500.759,0.7,um,Spot,Position,1,1048,
3463.23,502.258,0.7,um,Spot,Position,1,1049,
3446.11,505.894,0.7,um,Spot,Position,1,1050,
3481.31,505.951,0.7,um,Spot,Position,1,1051,
3426.91,506.398,0.7,um,Spot,Position,1,1052,
3453.81,510.018,0.7,um,Spot,Position,1,1053,
3473.02,519.035,0.7,um,Spot,Position,1,1054,
3488.91,520.364,0.7,um,Spot,Position,1,1055,
3468.29,520.758,0.7,um,Spot,Position,1,1056,
3420.09,527.376,0.7,um,Spot,Position,1,1057,
3434.58,529.867,0.7,um,Spot,Position,1,1059,
3487.69,531.761,0.7,um,Spot,Position,1,1060,
3481.13,544.699,0.7,um,Spot,Position,1,1062,
3443.8,551.436,0.7,um,Spot,Position,1,1064,
3439.15,531.013,1.50961,um,Spot,Position,1,1070,
3452.33,572.685,1.59535,um,Spot,Position,1,1072,
3411.39,563.881,4.05717,um,Spot,Position,1,1073,
3456.98,529.557,5.03743,um,Spot,Position,1,1074,
3421.48,545.244,5.50172,um,Spot,Position,1,1075,
3424.25,552.404,5.38603,um,Spot,Position,1,1076,
3418.36,572.491,5.13912,um,Spot,Position,1,1077,
3448.42,572.89,5.52205,um,Spot,Position,1,1078,
3498.76,506.499,0.7,um,Spot,Position,1,1079,
3501.62,520.775,0.7,um,Spot,Position,1,1081,
3542.09,522.422,0.7,um,Spot,Position,1,1082,
3542.06,540.216,0.7,um,Spot,Position,1,1085,
3512.8,546.505,0.7,um,Spot,Position,1,1086,
3506.73,549.002,0.7,um,Spot,Position,1,1087,
3513.09,553.16,0.7,um,Spot,Position,1,1088,
3513.55,571.214,2.16238,um,Spot,Position,1,1090,
3531.91,552.596,3.85769,um,Spot,Position,1,1091,
3533.69,566.05,3.20724,um,Spot,Position,1,1092,
3594.18,507.614,0.7,um,Spot,Position,1,1094,
3607.53,538.335,0.7,um,Spot,Position,1,1100,
3578.52,543.174,0.7,um,Spot,Position,1,1102,
3594.28,570.552,0.7,um,Spot,Position,1,1106,
3582.61,530.611,1.70669,um,Spot,Position,1,1107,
2630.22,584.756,0.7,um,Spot,Position,1,1108,
2657.46,591.104,0.7,um,Spot,Position,1,1109,
2623.52,597.113,0.7,um,Spot,Position,1,1110,
2624.44,645.942,0.7,um,Spot,Position,1,1121,
2649.91,649.953,0.7,um,Spot,Position,1,1122,
2640.88,589.376,3.7494,um,Spot,Position,1,1127,
2655.58,644.742,3.97165,um,Spot,Position,1,1128,
2628.35,645.655,3.85722,um,Spot,Position,1,1129,
2639.58,620.974,5.24203,um,Spot,Position,1,1131,
2644.08,664.403,4.6616,um,Spot,Position,1,1132,
2670.58,609.466,0.7,um,Spot,Position,1,1140,
2743.12,611.866,0.7,um,Spot,Position,1,1143,
2730.41,614.778,0.7,um,Spot,Position,1,1144,
2706.5,617.059,0.7,um,Spot,Position,1,1145,
2662.81,639.123,0.7,um,Spot,Position,1,1154,
2734.06,651.897,0.7,um,Spot,Position,1,1156,
2672.89,654.879,0.7,um,Spot,Position,1,1158,
2690.18,656.897,0.7,um,Spot,Position,1,1159,
2728.52,659.667,0.7,um,Spot,Position,1,1160,
2729.32,665.516,0.7,um,Spot,Position,1,1162,
2683.2,589.181,5.23161,um,Spot,Position,1,1166,
2731.86,607.931,5.4175,um,Spot,Position,1,1167,
2731.57,634.657,4.61907,um,Spot,Position,1,1168,
2692.52,640.137,5.03649,um,Spot,Position,1,1169,
2679.85,640.604,4.55946,um,Spot,Position,1,1170,
2696.53,646.675,4.48815,um,Spot,Position,1,1171,
2749.29,583.692,0.7,um,Spot,Position,1,1173,
2748.3,593.202,1.6531,um,Spot,Position,1,1183,
2770.95,589.759,5.41057,um,Spot,Position,1,1185,
2797.43,591.423,5.24151,um,Spot,Position,1,1186,
2793.6,600.301,5.24435,um,Spot,Position,1,1187,
3260.23,609.626,0.7,um,Spot,Position,1,1192,
3296.73,643.57,0.7,um,Spot,Position,1,1199,
3274.35,624.554,1.99794,um,Spot,Position,1,1203,
3365.77,658.745,5.08024,um,Spot,Position,1,1232,
3524.16,647.122,0.7,um,Spot,Position,1,1264,
3503.77,659.246,1.41548,um,Spot,Position,1,1267,
3509.13,628.675,3.34041,um,Spot,Position,1,1269,
3497.86,589.776,5.37066,um,Spot,Position,1,1272,
3553.75,606.64,4.8412,um,Spot,Position,1,1274,
3509.31,652.857,5.08855,um,Spot,Position,1,1276,
1412.94,735.765,0.7,um,Spot,Position,1,1277,
1466.04,720.94,0.7,um,Spot,Position,1,1279,
1446.74,722.949,0.7,um,Spot,Position,1,1280,
1431.79,724.479,0.7,um,Spot,Position,1,1281,
1458.5,736.52,0.7,um,Spot,Position,1,1285,
1484.02,737.834,0.7,um,Spot,Position,1,1286,
1471,743.365,0.7,um,Spot,Position,1,1288,
1495.31,744.285,0.7,um,Spot,Position,1,1289,
1432.1,744.991,0.7,um,Spot,Position,1,1290,
1450.41,746.263,0.7,um,Spot,Position,1,1291,
1431.92,735.789,3.32031,um,Spot,Position,1,1292,
1532.57,723.23,0.7,um,Spot,Position,1,1296,
1522.25,728.572,0.7,um,Spot,Position,1,1297,
1573.9,744.707,0.7,um,Spot,Position,1,1300,
1539.43,734.622,1.67346,um,Spot,Position,1,1301,
1545.18,724.875,3.88942,um,Spot,Position,1,1302,
1571.77,713.492,5.26204,um,Spot,Position,1,1303,
1581.17,707.068,0.7,um,Spot,Position,1,1304,
1628.34,713.336,0.7,um,Spot,Position,1,1305,
1652.93,715.399,0.7,um,Spot,Position,1,1306,
1633.96,715.969,0.7,um,Spot,Position,1,1307,
1581.27,717.125,0.7,um,Spot,Position,1,1308,
1606.42,721.249,0.7,um,Spot,Position,1,1309,
1613.93,725.93,0.7,um,Spot,Position,1,1311,
1587.1,730.625,0.7,um,Spot,Position,1,1312,
1658.07,732.227,0.7,um,Spot,Position,1,1313,
1598.16,733.42,0.7,um,Spot,Position,1,1314,
1633.21,735.852,0.7,um,Spot,Position,1,1315,
1588.43,741.163,0.7,um,Spot,Position,1,1316,
1623.16,745.85,0.7,um,Spot,Position,1,1317,
1642.94,746.632,0.7,um,Spot,Position,1,1318,
1600.37,747.67,0.7,um,Spot,Position,1,1319,
1597.61,720.943,3.18313,um,Spot,Position,1,1320,
1668.57,723.442,0.7,um,Spot,Position,1,1321,
1667.12,733.577,0.7,um,Spot,Position,1,1322,
1679.27,736.375,0.7,um,Spot,Position,1,1323,
1698.01,740.913,0.7,um,Spot,Position,1,1325,
1668.5,746.651,0.7,um,Spot,Position,1,1326,
2634.45,666.601,0.7,um,Spot,Position,1,1328,
2629.86,691.573,0.7,um,Spot,Position,1,1332,
2620.89,696.726,0.7,um,Spot,Position,1,1334,
2614.48,710.967,0.7,um,Spot,Position,1,1338,
2619.67,724.354,0.7,um,Spot,Position,1,1341,
2640.27,724.492,2.82788,um,Spot,Position,1,1347,
2618.06,743.532,3.28764,um,Spot,Position,1,1348,
2661.98,686.084,4.56329,um,Spot,Position,1,1349,
2645.1,697.575,4.34146,um,Spot,Position,1,1350,
2623.83,710.36,4.98828,um,Spot,Position,1,1351,
2614.12,732.324,4.28611,um,Spot,Position,1,1352,
2668.9,667.606,0.7,um,Spot,Position,1,1354,
2729.45,673.857,0.7,um,Spot,Position,1,1355,
2720.17,675.136,0.7,um,Spot,Position,1,1357,
2701.98,675.816,0.7,um,Spot,Position,1,1358,
2673.31,682.814,0.7,um,Spot,Position,1,1359,
2722.12,690.755,0.7,um,Spot,Position,1,1360,
2704.33,701.104,0.7,um,Spot,Position,1,1363,
2672.35,712.888,0.7,um,Spot,Position,1,1364,
2718.69,713.881,0.7,um,Spot,Position,1,1365,
2665.44,717.583,0.7,um,Spot,Position,1,1366,
2686.62,725.425,0.7,um,Spot,Position,1,1370,
2667.84,739.124,0.7,um,Spot,Position,1,1372,
2697.13,742.445,1.44258,um,Spot,Position,1,1373,
2711.41,671.535,2.88657,um,Spot,Position,1,1374,
2684.11,679.814,3.49885,um,Spot,Position,1,1375,
2700.01,689.287,2.92745,um,Spot,Position,1,1376,
2711.52,708.483,3.37068,um,Spot,Position,1,1378,
2714.89,685.13,4.70421,um,Spot,Position,1,1379,
2710.69,697.133,4.88722,um,Spot,Position,1,1380,
3390.83,677.501,0.7,um,Spot,Position,1,1383,
3371.32,677.934,0.7,um,Spot,Position,1,1384,
3410.8,682.458,0.7,um,Spot,Position,1,1385,
1326.46,820.179,0.7,um,Spot,Position,1,1397,
1331.12,829.266,0.7,um,Spot,Position,1,1399,
1396.8,753.17,0.7,um,Spot,Position,1,1400,
1376.83,764.755,0.7,um,Spot,Position,1,1401,
1347.08,777.208,0.7,um,Spot,Position,1,1404,
1392.31,777.982,0.7,um,Spot,Position,1,1405,
1382.92,782.254,0.7,um,Spot,Position,1,1406,
1367.19,784.817,0.7,um,Spot,Position,1,1407,
1348.85,794.005,0.7,um,Spot,Position,1,1409,
1373.51,799.968,0.7,um,Spot,Position,1,1410,
1407.96,802.017,0.7,um,Spot,Position,1,1411,
1376.81,810.177,0.7,um,Spot,Position,1,1414,
1331.75,811.992,0.7,um,Spot,Position,1,1416,
1382.5,815.821,0.7,um,Spot,Position,1,1418,
1412.61,824.647,0.7,um,Spot,Position,1,1420,
1365.66,829.196,0.7,um,Spot,Position,1,1421,
1495.87,756.334,0.7,um,Spot,Position,1,1423,
1447.19,757.142,0.7,um,Spot,Position,1,1424,
1437.45,757.73,0.7,um,Spot,Position,1,1425,
1473.07,762.983,0.7,um,Spot,Position,1,1426,
1489.41,764.496,0.7,um,Spot,Position,1,1427,
1429.06,767.175,0.7,um,Spot,Position,1,1428,
1495.04,768.833,0.7,um,Spot,Position,1,1429,
1482.7,769.297,0.7,um,Spot,Position,1,1430,
1421.14,779.806,0.7,um,Spot,Position,1,1431,
1494.33,784.698,0.7,um,Spot,Position,1,1432,
1452.34,787.672,0.7,um,Spot,Position,1,1433,
1488.68,795.975,0.7,um,Spot,Position,1,1435,
1430.85,798.713,0.7,um,Spot,Position,1,1436,
1451.42,801.525,0.7,um,Spot,Position,1,1437,
1466.09,805.354,0.7,um,Spot,Position,1,1438,
1479.56,805.662,0.7,um,Spot,Position,1,1439,
1446.52,808.407,0.7,um,Spot,Position,1,1440,
1416.78,827.368,0.7,um,Spot,Position,1,1445,
1456.42,829.721,0.7,um,Spot,Position,1,1446,
1430.55,831.272,0.7,um,Spot,Position,1,1447,
1480.48,751.288,1.71644,um,Spot,Position,1,1448,
1511.48,749.379,0.7,um,Spot,Position,1,1449,
1533.72,754.53,0.7,um,Spot,Position,1,1450,
1526.95,755.476,0.7,um,Spot,Position,1,1451,
1567.95,761.898,0.7,um,Spot,Position,1,1452,
1524.03,771.784,0.7,um,Spot,Position,1,1453,
1512.75,778.877,0.7,um,Spot,Position,1,1457,
1501.01,782.188,0.7,um,Spot,Position,1,1458,
1572.48,787.484,0.7,um,Spot,Position,1,1460,
1499.92,810.707,0.7,um,Spot,Position,1,1471,
1571.81,811.824,0.7,um,Spot,Position,1,1472,
1508.54,820.034,0.7,um,Spot,Position,1,1473,
1498.53,823.637,0.7,um,Spot,Position,1,1475,
1578.64,774.545,3.95201,um,Spot,Position,1,1480,
1592.02,750.04,0.7,um,Spot,Position,1,1483,
1584.3,750.659,0.7,um,Spot,Position,1,1484,
1640.01,755.618,0.7,um,Spot,Position,1,1485,
1597.19,761.9,0.7,um,Spot,Position,1,1486,
1609.11,765.501,0.7,um,Spot,Position,1,1487,
1581.83,771.279,0.7,um,Spot,Position,1,1488,
1656.7,779.446,0.7,um,Spot,Position,1,1490,
1612.27,781.325,0.7,um,Spot,Position,1,1491,
1628.84,782.855,0.7,um,Spot,Position,1,1492,
1644.87,792.211,0.7,um,Spot,Position,1,1493,
1628.05,792.448,0.7,um,Spot,Position,1,1494,
1596.54,793.417,0.7,um,Spot,Position,1,1495,
1584.15,797.69,0.7,um,Spot,Position,1,1496,
1600.85,800.403,0.7,um,Spot,Position,1,1497,
1659.64,801.757,0.7,um,Spot,Position,1,1498,
1614.14,804.203,0.7,um,Spot,Position,1,1499,
1582.95,810.173,0.7,um,Spot,Position,1,1500,
1655.74,815.159,0.7,um,Spot,Position,1,1501,
1627.37,817.108,0.7,um,Spot,Position,1,1503,
1658.92,825.969,0.7,um,Spot,Position,1,1504,
1623.06,828.467,0.7,um,Spot,Position,1,1505,
1703.55,763.536,0.7,um,Spot,Position,1,1512,
1683.59,773.651,0.7,um,Spot,Position,1,1516,
1678.28,774.581,0.7,um,Spot,Position,1,1517,
1664.2,778.197,0.7,um,Spot,Position,1,1520,
1738.72,785.031,0.7,um,Spot,Position,1,1524,
1674.66,791.988,0.7,um,Spot,Position,1,1527,
1742.95,801.375,0.7,um,Spot,Position,1,1531,
1746.29,816.146,0.7,um,Spot,Position,1,1536,
1703.23,817.455,0.7,um,Spot,Position,1,1537,
1748.23,787.223,0.7,um,Spot,Position,1,1548,
1756.7,798.873,0.7,um,Spot,Position,1,1551,
1769.16,805.569,0.7,um,Spot,Position,1,1552,
1775.41,807.11,0.7,um,Spot,Position,1,1554,
1811.58,814.024,0.7,um,Spot,Position,1,1555,
1766.5,814.782,0.7,um,Spot,Position,1,1556,
1812.17,822.653,0.7,um,Spot,Position,1,1557,
1792.35,823.037,0.7,um,Spot,Position,1,1558,
2536.64,811.018,0.7,um,Spot,Position,1,1570,
2515.75,815.458,0.7,um,Spot,Position,1,1571,
2539.44,819.705,2.09121,um,Spot,Position,1,1573,
2577.62,809.819,2.80254,um,Spot,Position,1,1574,
2584.54,786.93,0.7,um,Spot,Position,1,1577,
2581.08,819.793,2.55184,um,Spot,Position,1,1578,
2616.01,757.816,3.87886,um,Spot,Position,1,1579,
2591.58,758.925,3.80146,um,Spot,Position,1,1580,
2639.14,751.349,5.54512,um,Spot,Position,1,1581,
2645.76,759.652,5.2385,um,Spot,Position,1,1582,
2643.79,779.094,4.26556,um,Spot,Position,1,1583,
2621.51,783.308,5.31175,um,Spot,Position,1,1584,
2656.59,791.644,4.80056,um,Spot,Position,1,1585,
2682.83,767.838,0.7,um,Spot,Position,1,1589,
2681.29,797.364,0.7,um,Spot,Position,1,1592,
2676.02,758.899,1.69847,um,Spot,Position,1,1596,
2698.18,765.982,2.93357,um,Spot,Position,1,1597,
2692.73,783.282,4.53644,um,Spot,Position,1,1598,
901.75,882.738,0.7,um,Spot,Position,1,1606,
909.761,897.361,0.7,um,Spot,Position,1,1612,
996.283,848.299,0.7,um,Spot,Position,1,1622,
990.41,855.227,0.7,um,Spot,Position,1,1624,
918.256,865.617,0.7,um,Spot,Position,1,1631,
972.65,882.132,0.7,um,Spot,Position,1,1644,
994.742,896.521,0.7,um,Spot,Position,1,1646,
1017.15,875.005,0.7,um,Spot,Position,1,1656,
1024.55,899.253,0.7,um,Spot,Position,1,1665,
1056.92,903.266,0.7,um,Spot,Position,1,1668,
1026.46,909.279,0.7,um,Spot,Position,1,1669,
1068.88,890.601,3.44,um,Spot,Position,1,1671,
1119.16,902.327,0.7,um,Spot,Position,1,1673,
1112.64,905.677,0.7,um,Spot,Position,1,1674,
1105.69,907.151,0.7,um,Spot,Position,1,1675,
1136.59,908.427,0.7,um,Spot,Position,1,1676,
1084.8,910.175,0.7,um,Spot,Position,1,1677,
1123.57,911.105,0.7,um,Spot,Position,1,1678,
1086.27,896.801,3.03674,um,Spot,Position,1,1681,
1223.5,866.274,0.7,um,Spot,Position,1,1682,
1238.68,867.943,0.7,um,Spot,Position,1,1683,
1222.42,875.241,0.7,um,Spot,Position,1,1684,
1205.11,887.641,0.7,um,Spot,Position,1,1685,
1188.72,894.995,0.7,um,Spot,Position,1,1688,
1185.62,901.32,0.7,um,Spot,Position,1,1692,
1305.17,833.025,0.7,um,Spot,Position,1,1695,
1282.16,837.876,0.7,um,Spot,Position,1,1697,
1297.25,842.29,0.7,um,Spot,Position,1,1699,
1327.36,849.749,0.7,um,Spot,Position,1,1701,
1270.66,860.009,0.7,um,Spot,Position,1,1703,
1275.74,867.364,0.7,um,Spot,Position,1,1704,
1328.54,874.368,0.7,um,Spot,Position,1,1705,
1320.25,876.735,0.7,um,Spot,Position,1,1707,
1270.27,877.957,0.7,um,Spot,Position,1,1709,
1275.12,882.273,0.7,um,Spot,Position,1,1710,
1287.55,895.492,0.7,um,Spot,Position,1,1714,
1252.11,899.596,0.7,um,Spot,Position,1,1715,
1290.55,905.319,0.7,um,Spot,Position,1,1716,
1272.42,907.683,0.7,um,Spot,Position,1,1717,
1311.64,910.113,0.7,um,Spot,Position,1,1718,
1274.76,914.772,0.7,um,Spot,Position,1,1719,
1346.01,834.279,0.7,um,Spot,Position,1,1720,
1334.84,836.062,0.7,um,Spot,Position,1,1721,
1366.23,836.369,0.7,um,Spot,Position,1,1722,
1387.82,839.663,0.7,um,Spot,Position,1,1723,
1331.65,842.554,0.7,um,Spot,Position,1,1725,
1359.96,844.928,0.7,um,Spot,Position,1,1726,
1355.03,853.502,0.7,um,Spot,Position,1,1728,
1349.94,863.372,0.7,um,Spot,Position,1,1730,
1380.88,865.373,0.7,um,Spot,Position,1,1731,
1368.65,868.311,0.7,um,Spot,Position,1,1732,
1400.82,870.229,0.7,um,Spot,Position,1,1733,
1410.89,886.202,0.7,um,Spot,Position,1,1734,
1351.1,890.341,0.7,um,Spot,Position,1,1735,
1374.57,893.098,0.7,um,Spot,Position,1,1737,
1476.12,832.418,0.7,um,Spot,Position,1,1744,
1466.88,836.281,0.7,um,Spot,Position,1,1745,
1426.54,842.082,0.7,um,Spot,Position,1,1746,
1468.47,847.227,0.7,um,Spot,Position,1,1748,
1420.37,852.9,0.7,um,Spot,Position,1,1751,
1488.7,853.679,0.7,um,Spot,Position,1,1752,
1461.28,854.446,0.7,um,Spot,Position,1,1753,
1428.68,856.395,0.7,um,Spot,Position,1,1754,
1473.95,856.74,0.7,um,Spot,Position,1,1755,
1440.64,863.09,0.7,um,Spot,Position,1,1756,
1420.18,864.446,0.7,um,Spot,Position,1,1757,
1459.74,867.182,0.7,um,Spot,Position,1,1758,
1465.1,872.131,0.7,um,Spot,Position,1,1759,
1417.99,893.68,0.7,um,Spot,Position,1,1762,
1569.94,833.319,0.7,um,Spot,Position,1,1764,
1562.39,842.327,0.7,um,Spot,Position,1,1765,
1571.97,860.935,0.7,um,Spot,Position,1,1766,
1580.26,861.139,0.7,um,Spot,Position,1,1767,
1589.17,835.403,0.7,um,Spot,Position,1,1769,
1608.12,839.939,0.7,um,Spot,Position,1,1770,
1600.9,846.85,0.7,um,Spot,Position,1,1773,
1643.43,854.474,0.7,um,Spot,Position,1,1777,
1611.08,863.121,0.7,um,Spot,Position,1,1778,
1596.18,868.197,0.7,um,Spot,Position,1,1781,
1597.03,887.875,0.7,um,Spot,Position,1,1785,
1656.54,894.312,0.7,um,Spot,Position,1,1786,
1613.85,902.505,0.7,um,Spot,Position,1,1789,
1619.13,906.664,0.7,um,Spot,Position,1,1790,
1636.26,868.25,3.15526,um,Spot,Position,1,1793,
1639.25,888.542,5.18749,um,Spot,Position,1,1796,
1675.1,837.007,0.7,um,Spot,Position,1,1798,
1682.73,841.056,0.7,um,Spot,Position,1,1800,
1666.91,845.044,0.7,um,Spot,Position,1,1801,
1675.66,849.148,0.7,um,Spot,Position,1,1802,
1735.76,865.518,0.7,um,Spot,Position,1,1804,
1727.37,876.939,0.7,um,Spot,Position,1,1807,
1665.72,893.884,0.7,um,Spot,Position,1,1809,
1757.23,836.748,0.7,um,Spot,Position,1,1823,
1781.21,837.549,0.7,um,Spot,Position,1,1824,
1761.06,841.643,0.7,um,Spot,Position,1,1825,
1753.45,848.686,0.7,um,Spot,Position,1,1828,
1825.03,849.979,0.7,um,Spot,Position,1,1829,
1772.25,859.634,0.7,um,Spot,Position,1,1833,
1804.51,863.615,0.7,um,Spot,Position,1,1834,
1825.29,865.159,0.7,um,Spot,Position,1,1835,
1807.95,872.522,0.7,um,Spot,Position,1,1836,
1753.31,877.914,0.7,um,Spot,Position,1,1838,
1784,898.066,0.7,um,Spot,Position,1,1841,
1808.25,906.982,0.7,um,Spot,Position,1,1842,
1774.3,876.375,1.9129,um,Spot,Position,1,1844,
1805.34,898.308,1.73641,um,Spot,Position,1,1845,
1773.43,845.622,3.7084,um,Spot,Position,1,1846,
1792.86,873.276,4.10729,um,Spot,Position,1,1847,
1772.06,887.013,4.86397,um,Spot,Position,1,1848,
1854.65,879.576,0.7,um,Spot,Position,1,1852,
1871.61,889.379,0.7,um,Spot,Position,1,1854,
1834.85,899.967,0.7,um,Spot,Position,1,1855,
1906,904.358,0.7,um,Spot,Position,1,1856,
1925.99,882.469,0.7,um,Spot,Position,1,1858,
1987.62,885.707,0.7,um,Spot,Position,1,1859,
1951.28,891.908,0.7,um,Spot,Position,1,1862,
1938.19,895.365,0.7,um,Spot,Position,1,1863,
1985.52,914.917,3.81416,um,Spot,Position,1,1865,
1949.67,904.188,4.57085,um,Spot,Position,1,1866,
1992.43,907.295,4.77709,um,Spot,Position,1,1867,
1976.6,914.809,4.82464,um,Spot,Position,1,1868,
2026.21,891.157,0.7,um,Spot,Position,1,1870,
2052.2,892.493,0.7,um,Spot,Position,1,1871,
2063.8,897.347,0.7,um,Spot,Position,1,1873,
2072.68,897.83,0.7,um,Spot,Position,1,1874,
2018.58,903.179,0.7,um,Spot,Position,1,1875,
2079.88,913.456,0.7,um,Spot,Position,1,1876,
2005.87,891.926,3.1122,um,Spot,Position,1,1877,
2013.54,891.963,4.24927,um,Spot,Position,1,1878,
2112.91,889.118,0.7,um,Spot,Position,1,1879,
2098.89,892.043,0.7,um,Spot,Position,1,1881,
2135.71,894.59,0.7,um,Spot,Position,1,1882,
2085.05,898.493,0.7,um,Spot,Position,1,1883,
2087.51,907.5,0.7,um,Spot,Position,1,1884,
2092.91,914.363,1.65606,um,Spot,Position,1,1886,
2118.96,893.277,3.28285,um,Spot,Position,1,1887,
2111.2,898.274,4.08815,um,Spot,Position,1,1888,
2095.27,899.242,3.5724,um,Spot,Position,1,1889,
2191.34,894.467,0.7,um,Spot,Position,1,1892,
2238.9,896.228,0.7,um,Spot,Position,1,1893,
2215.22,900.321,2.42677,um,Spot,Position,1,1898,
2219.7,907.619,5.18167,um,Spot,Position,1,1899,
2270.65,889.312,0.7,um,Spot,Position,1,1905,
2314.92,904.523,2.46476,um,Spot,Position,1,1917,
2295.05,915.18,4.94557,um,Spot,Position,1,1918,
2474.64,836.893,0.7,um,Spot,Position,1,1929,
2489.99,906.263,1.41958,um,Spot,Position,1,1935,
2465.12,913.186,2.74767,um,Spot,Position,1,1936,
2416.22,868.111,3.34252,um,Spot,Position,1,1938,
2446.33,902.923,4.38761,um,Spot,Position,1,1941,
2572.79,888.825,3.73922,um,Spot,Position,1,1943,
2635.21,839.722,0.7,um,Spot,Position,1,1944,
2651.75,867.805,0.7,um,Spot,Position,1,1945,
2643.99,872.009,0.7,um,Spot,Position,1,1946,
2605.18,833.214,3.55566,um,Spot,Position,1,1953,
2628.16,846.158,5.32262,um,Spot,Position,1,1955,
2648.25,847.317,4.43185,um,Spot,Position,1,1956,
2580.78,900.118,5.02897,um,Spot,Position,1,1957,
2584.96,910.074,4.55284,um,Spot,Position,1,1958,
724.862,940.79,0.7,um,Spot,Position,1,1969,
732.013,951.53,0.7,um,Spot,Position,1,1976,
686.421,958.505,0.7,um,Spot,Position,1,1978,
690.848,973.86,0.7,um,Spot,Position,1,1987,
816.548,941.427,0.7,um,Spot,Position,1,1998,
826.567,964.54,0.7,um,Spot,Position,1,2013,
788.882,984.691,0.7,um,Spot,Position,1,2025,
775.807,977.188,3.27296,um,Spot,Position,1,2028,
857.356,950.727,0.7,um,Spot,Position,1,2039,
872.329,983.388,0.7,um,Spot,Position,1,2060,
876.811,989.096,0.7,um,Spot,Position,1,2064,
894.241,995.364,0.7,um,Spot,Position,1,2068,
938.67,918.746,0.7,um,Spot,Position,1,2071,
918.584,954.373,0.7,um,Spot,Position,1,2088,
995.782,965.413,0.7,um,Spot,Position,1,2093,
985.223,970.528,0.7,um,Spot,Position,1,2096,
953.205,970.842,0.7,um,Spot,Position,1,2097,
997.803,978.722,0.7,um,Spot,Position,1,2100,
968.355,982.15,0.7,um,Spot,Position,1,2101,
933.136,983.18,0.7,um,Spot,Position,1,2102,
938.995,984.024,0.7,um,Spot,Position,1,2103,
1043.7,924.138,0.7,um,Spot,Position,1,2112,
1081.18,934.395,0.7,um,Spot,Position,1,2116,
1038.51,935.66,0.7,um,Spot,Position,1,2117,
1024.44,951.959,0.7,um,Spot,Position,1,2124,
1078.56,962.428,0.7,um,Spot,Position,1,2127,
1076.22,970.07,0.7,um,Spot,Position,1,2130,
1060.59,975.867,0.7,um,Spot,Position,1,2131,
1055.16,975.996,0.7,um,Spot,Position,1,2132,
1022.39,977.552,0.7,um,Spot,Position,1,2133,
1044.22,977.464,0.7,um,Spot,Position,1,2134,
1071.01,977.924,0.7,um,Spot,Position,1,2135,
1079.1,985.692,0.7,um,Spot,Position,1,2136,
1047.6,991.374,0.7,um,Spot,Position,1,2138,
1126.74,926.933,0.7,um,Spot,Position,1,2141,
1104.23,928.616,0.7,um,Spot,Position,1,2142,
1143.01,936.723,0.7,um,Spot,Position,1,2144,
1107.93,938.784,0.7,um,Spot,Position,1,2145,
1083.01,942.02,0.7,um,Spot,Position,1,2146,
1098.86,969.042,0.7,um,Spot,Position,1,2153,
1130.24,970.358,0.7,um,Spot,Position,1,2154,
1143.38,974.7,0.7,um,Spot,Position,1,2156,
1122.54,977.893,0.7,um,Spot,Position,1,2158,
1086.39,987.424,0.7,um,Spot,Position,1,2162,
1117.71,991.034,0.7,um,Spot,Position,1,2163,
1133.51,939.249,3.43815,um,Spot,Position,1,2166,
1203.48,923.104,0.7,um,Spot,Position,1,2170,
1219.25,923.818,0.7,um,Spot,Position,1,2171,
1188.28,926.869,0.7,um,Spot,Position,1,2172,
1233.44,929.54,0.7,um,Spot,Position,1,2173,
1218.48,932.887,0.7,um,Spot,Position,1,2174,
1183.89,934.515,0.7,um,Spot,Position,1,2176,
1173.8,938.726,0.7,um,Spot,Position,1,2177,
1178.11,939.546,0.7,um,Spot,Position,1,2178,
1228.7,940.613,0.7,um,Spot,Position,1,2179,
1183.64,947.634,0.7,um,Spot,Position,1,2181,
1222.46,951.684,0.7,um,Spot,Position,1,2182,
1213.87,960.857,0.7,um,Spot,Position,1,2184,
1220.47,960.789,0.7,um,Spot,Position,1,2185,
1229.34,966.609,0.7,um,Spot,Position,1,2187,
1195.37,967.776,0.7,um,Spot,Position,1,2188,
1168.72,968.124,0.7,um,Spot,Position,1,2189,
1226.79,969.806,0.7,um,Spot,Position,1,2190,
1213.2,970.715,0.7,um,Spot,Position,1,2191,
1220.95,973.29,0.7,um,Spot,Position,1,2192,
1243.65,975.951,0.7,um,Spot,Position,1,2193,
1170.62,989.165,0.7,um,Spot,Position,1,2194,
1282.29,922.894,0.7,um,Spot,Position,1,2197,
1310.87,927.162,0.7,um,Spot,Position,1,2198,
1251.42,930.313,0.7,um,Spot,Position,1,2199,
1300.45,932.307,0.7,um,Spot,Position,1,2200,
1271.4,937.399,0.7,um,Spot,Position,1,2201,
1262.79,945.842,0.7,um,Spot,Position,1,2202,
1254.96,949.256,0.7,um,Spot,Position,1,2203,
1264.38,953.352,0.7,um,Spot,Position,1,2204,
1644.79,924.378,0.7,um,Spot,Position,1,2208,
1640.06,928.363,0.7,um,Spot,Position,1,2209,
1684.06,954.015,0.7,um,Spot,Position,1,2221,
1702.75,963.005,0.7,um,Spot,Position,1,2224,
1710.42,963.661,0.7,um,Spot,Position,1,2225,
1740.53,989.415,0.7,um,Spot,Position,1,2229,
1707,937.53,4.60765,um,Spot,Position,1,2234,
1740.82,951.837,5.4546,um,Spot,Position,1,2235,
1735.04,968.498,4.45192,um,Spot,Position,1,2236,
1720.32,969.466,4.62794,um,Spot,Position,1,2237,
1777.79,925.963,0.7,um,Spot,Position,1,2238,
1761.86,949.158,0.7,um,Spot,Position,1,2240,
1822.83,981.928,0.7,um,Spot,Position,1,2245,
1813.3,987.202,0.7,um,Spot,Position,1,2246,
1796.89,989.656,0.7,um,Spot,Position,1,2247,
1764.43,992.943,0.7,um,Spot,Position,1,2248,
1788.92,994.1,0.7,um,Spot,Position,1,2249,
1816.05,996.068,0.7,um,Spot,Position,1,2250,
1801.06,996.168,0.7,um,Spot,Position,1,2251,
1807.74,996.602,0.7,um,Spot,Position,1,2252,
1762.68,924.32,2.91815,um,Spot,Position,1,2253,
1757.21,982.812,3.76157,um,Spot,Position,1,2255,
1881.48,917.079,0.7,um,Spot,Position,1,2256,
1900.04,921.308,0.7,um,Spot,Position,1,2257,
1837.35,921.515,0.7,um,Spot,Position,1,2258,
1834.94,933.23,0.7,um,Spot,Position,1,2259,
1878.15,940.902,0.7,um,Spot,Position,1,2260,
1886.17,944.122,0.7,um,Spot,Position,1,2262,
1910.45,945.583,0.7,um,Spot,Position,1,2263,
1890.87,953.706,0.7,um,Spot,Position,1,2265,
1865.3,955.851,0.7,um,Spot,Position,1,2266,
1836.05,956.794,0.7,um,Spot,Position,1,2267,
1850.37,958.071,0.7,um,Spot,Position,1,2268,
1873.46,971.284,0.7,um,Spot,Position,1,2270,
1907.79,981.848,0.7,um,Spot,Position,1,2272,
1881.15,967.737,1.62978,um,Spot,Position,1,2276,
1949.11,920.179,0.7,um,Spot,Position,1,2278,
1935.82,935.745,0.7,um,Spot,Position,1,2280,
1957.74,938.727,0.7,um,Spot,Position,1,2281,
1990.28,947.275,0.7,um,Spot,Position,1,2282,
1982.78,956.166,0.7,um,Spot,Position,1,2283,
1947.56,963.58,0.7,um,Spot,Position,1,2285,
1939.17,964.43,0.7,um,Spot,Position,1,2287,
1952.61,929.373,3.16932,um,Spot,Position,1,2296,
1975.14,921.889,4.91603,um,Spot,Position,1,2297,
2048.35,917.148,0.7,um,Spot,Position,1,2298,
2058.37,920.813,0.7,um,Spot,Position,1,2299,
2063.56,927.256,0.7,um,Spot,Position,1,2300,
2056.32,935.471,0.7,um,Spot,Position,1,2303,
2065.1,938.699,0.7,um,Spot,Position,1,2304,
2069.66,973.515,0.7,um,Spot,Position,1,2314,
2030.51,949.818,2.1326,um,Spot,Position,1,2322,
2013.95,996.996,1.87012,um,Spot,Position,1,2323,
2068.62,916.683,2.82239,um,Spot,Position,1,2325,
2072.62,930.041,3.06063,um,Spot,Position,1,2326,
2009.09,979.396,3.69727,um,Spot,Position,1,2327,
2002.6,917.147,5.34965,um,Spot,Position,1,2328,
2090.41,931.381,3.24892,um,Spot,Position,1,2347,
2149.51,970.394,4.68449,um,Spot,Position,1,2351,
2221.31,990.922,1.78737,um,Spot,Position,1,2362,
2234.61,917.261,3.35668,um,Spot,Position,1,2364,
2242.4,927.369,4.26125,um,Spot,Position,1,2365,
2205.68,946.466,5.23113,um,Spot,Position,1,2367,
2214.79,959.197,4.4071,um,Spot,Position,1,2368,
2291.3,942.363,0.7,um,Spot,Position,1,2372,
2304.59,989.7,0.7,um,Spot,Position,1,2374,
2319.71,936.502,2.17702,um,Spot,Position,1,2375,
2295.2,951.905,1.61629,um,Spot,Position,1,2376,
2302.67,970.339,1.73467,um,Spot,Position,1,2377,
2261.13,991.256,1.70371,um,Spot,Position,1,2378,
2315.25,919.162,3.64031,um,Spot,Position,1,2379,
2307.22,978.14,3.56751,um,Spot,Position,1,2380,
2273.02,921.255,5.40153,um,Spot,Position,1,2381,
2268.28,950.517,4.9268,um,Spot,Position,1,2382,
2325.64,956.326,5.21662,um,Spot,Position,1,2383,
2411.79,966.332,0.7,um,Spot,Position,1,2385,
2394.38,997.723,2.34302,um,Spot,Position,1,2387,
2367.53,996.081,3.11996,um,Spot,Position,1,2390,
2350.78,964.11,5.55206,um,Spot,Position,1,2391,
2493.81,926.695,0.7,um,Spot,Position,1,2393,
2459.92,976.457,0.7,um,Spot,Position,1,2397,
2456.24,988.753,0.7,um,Spot,Position,1,2398,
2476.08,963.275,1.79216,um,Spot,Position,1,2400,
2538.91,950.478,0.7,um,Spot,Position,1,2405,
2508.81,953.32,0.7,um,Spot,Position,1,2406,
2526.96,967.377,0.7,um,Spot,Position,1,2407,
2496.46,984.032,0.7,um,Spot,Position,1,2408,
2535.84,943.599,2.63017,um,Spot,Position,1,2409,
2549.17,930.506,3.70181,um,Spot,Position,1,2410,
2508.16,966.947,3.74348,um,Spot,Position,1,2411,
1773.22,1001.1,0.7,um,Spot,Position,1,2416,
1780.82,1001.01,0.7,um,Spot,Position,1,2417,
1795.28,1002.92,0.7,um,Spot,Position,1,2418,
1830.31,1002.77,0.7,um,Spot,Position,1,2419,
1786.61,1004.32,0.7,um,Spot,Position,1,2420,
1820.52,1006.04,0.7,um,Spot,Position,1,2421,
1805.33,1007.31,0.7,um,Spot,Position,1,2422,
1817.06,1017.68,0.7,um,Spot,Position,1,2423,
1818.58,1026.99,0.7,um,Spot,Position,1,2424,
1829.13,1027.29,0.7,um,Spot,Position,1,2425,
1856.84,1013.47,0.7,um,Spot,Position,1,2429,
1851.92,1015.19,0.7,um,Spot,Position,1,2430,
1873.44,1016.54,0.7,um,Spot,Position,1,2431,
1831.56,1017.7,0.7,um,Spot,Position,1,2432,
1851.13,1032.61,0.7,um,Spot,Position,1,2436,
1837.93,1033.82,0.7,um,Spot,Position,1,2437,
1832.19,1034.79,0.7,um,Spot,Position,1,2438,
1848.84,1040.11,0.7,um,Spot,Position,1,2440,
1871.54,1044.53,0.7,um,Spot,Position,1,2441,
1896.95,1049.11,0.7,um,Spot,Position,1,2443,
1886.56,1037.07,1.51223,um,Spot,Position,1,2444,
1873.91,1038.17,2.8908,um,Spot,Position,1,2445,
1899.68,1009.77,5.12444,um,Spot,Position,1,2446,
1981.88,1008.59,0.7,um,Spot,Position,1,2450,
1952.04,1016.72,0.7,um,Spot,Position,1,2451,
1983.86,1021.2,0.7,um,Spot,Position,1,2452,
1968.48,1024.15,0.7,um,Spot,Position,1,2453,
1953.85,1043.46,0.7,um,Spot,Position,1,2456,
1936.07,1045.48,0.7,um,Spot,Position,1,2458,
1931.12,1005.48,3.2457,um,Spot,Position,1,2460,
1922.49,1020.95,3.45583,um,Spot,Position,1,2462,
2068.17,1021.68,0.7,um,Spot,Position,1,2472,
2005.99,1037.58,0.7,um,Spot,Position,1,2474,
2065.88,1049.29,0.7,um,Spot,Position,1,2479,
2020.74,1008.57,3.49583,um,Spot,Position,1,2482,
2034.2,1041.81,3.11778,um,Spot,Position,1,2483,
2125.93,999.137,0.7,um,Spot,Position,1,2485,
2123.09,1005.61,0.7,um,Spot,Position,1,2486,
2102.42,1017.49,0.7,um,Spot,Position,1,2487,
2137.32,1019.4,0.7,um,Spot,Position,1,2489,
2108.98,1021.75,0.7,um,Spot,Position,1,2490,
2159.59,1043.31,0.7,um,Spot,Position,1,2496,
2089.96,1001.21,1.56247,um,Spot,Position,1,2499,
2148.96,1007.72,2.00001,um,Spot,Position,1,2500,
2096.49,1008.21,3.82288,um,Spot,Position,1,2501,
2100.6,1035.72,3.78833,um,Spot,Position,1,2502,
2085.49,1024.83,5.46854,um,Spot,Position,1,2504,
2196.97,1002.19,0.7,um,Spot,Position,1,2508,
2223.93,1019.78,0.7,um,Spot,Position,1,2511,
2173.09,1021.03,0.7,um,Spot,Position,1,2512,
2195.88,1036.04,0.7,um,Spot,Position,1,2514,
2191.83,1044.43,0.7,um,Spot,Position,1,2522,
2203.45,1013.28,2.32911,um,Spot,Position,1,2524,
2252.11,1036.41,0.7,um,Spot,Position,1,2527,
2287.39,1012.29,3.61664,um,Spot,Position,1,2532,
2275.59,1010.69,5.03811,um,Spot,Position,1,2534,
2398.02,1007.25,0.7,um,Spot,Position,1,2536,
2379.93,1018.4,0.7,um,Spot,Position,1,2537,
2331.39,1026.75,3.64789,um,Spot,Position,1,2539,
2352.72,1021.78,5.17929,um,Spot,Position,1,2540,
3168.47,246.87,6.15658,um,Spot,Position,1,2544,
3254.52,219.147,5.62746,um,Spot,Position,1,2545,
3262.35,248.412,5.74459,um,Spot,Position,1,2547,
3285.6,249.463,5.67167,um,Spot,Position,1,2548,
3805.82,206.163,6.3199,um,Spot,Position,1,2549,
3754.33,211.56,6.75305,um,Spot,Position,1,2550,
3791.15,236.624,5.79112,um,Spot,Position,1,2551,
3786.03,220.384,7.49391,um,Spot,Position,1,2552,
3830.44,200.969,6.06768,um,Spot,Position,1,2553,
3863.41,228.071,5.84898,um,Spot,Position,1,2554,
3852.23,221.756,7.80949,um,Spot,Position,1,2555,
3877.2,248.9,7.03288,um,Spot,Position,1,2556,
2983.85,332.107,5.85881,um,Spot,Position,1,2559,
3122.5,302.162,6.81002,um,Spot,Position,1,2562,
3206.58,300.658,6.13817,um,Spot,Position,1,2565,
3232.24,312.429,6.45888,um,Spot,Position,1,2567,
3323.12,276.259,6.78594,um,Spot,Position,1,2570,
3287.26,289.988,6.04596,um,Spot,Position,1,2571,
3255.33,308.35,6.91362,um,Spot,Position,1,2572,
3247.67,302.745,8.29871,um,Spot,Position,1,2576,
3300.57,325.447,7.60038,um,Spot,Position,1,2577,
3312.01,303.975,9.00381,um,Spot,Position,1,2579,
3282.07,306.368,9.19355,um,Spot,Position,1,2580,
3282.91,292.367,10.5,um,Spot,Position,1,2581,
3343.82,283.068,6.94111,um,Spot,Position,1,2582,
3343.87,324.965,10.5,um,Spot,Position,1,2589,
3551.47,293.66,7.80508,um,Spot,Position,1,2590,
3563.19,299.599,8.25695,um,Spot,Position,1,2591,
3544.94,322.497,7.32902,um,Spot,Position,1,2592,
3558.89,332.278,7.04012,um,Spot,Position,1,2593,
3566.83,308.904,8.58376,um,Spot,Position,1,2594,
3572.17,311.04,8.74179,um,Spot,Position,1,2595,
3612.83,304.988,6.28555,um,Spot,Position,1,2597,
3587.02,317.946,9.51029,um,Spot,Position,1,2598,
3789.75,299.208,5.77297,um,Spot,Position,1,2599,
3760.32,306.784,7.48035,um,Spot,Position,1,2600,
3893.58,258.477,6.96849,um,Spot,Position,1,2602,
3873.7,274.54,6.69594,um,Spot,Position,1,2603,
3840.7,298.195,6.42961,um,Spot,Position,1,2604,
3845.29,292.128,8.78627,um,Spot,Position,1,2605,
3870.38,296.598,10.5,um,Spot,Position,1,2608,
2893.16,390.504,6.60779,um,Spot,Position,1,2618,
2921.64,388.69,7.13086,um,Spot,Position,1,2622,
3199.77,344.02,6.60521,um,Spot,Position,1,2624,
3243.49,375.513,7.03302,um,Spot,Position,1,2627,
3242.91,337.832,10.5,um,Spot,Position,1,2628,
3265.97,365.718,6.6079,um,Spot,Position,1,2630,
3256.65,341.195,8.01596,um,Spot,Position,1,2631,
3326.4,379.344,7.64707,um,Spot,Position,1,2633,
3275.15,406.105,7.42586,um,Spot,Position,1,2635,
3290.82,396.349,8.66948,um,Spot,Position,1,2636,
3252.38,398.875,8.48067,um,Spot,Position,1,2637,
3317.75,401.306,9.67355,um,Spot,Position,1,2638,
3303.23,333.694,10.5,um,Spot,Position,1,2639,
3310.73,340.896,10.5,um,Spot,Position,1,2640,
3368.73,344.48,6.91285,um,Spot,Position,1,2643,
3342.11,350.654,7.44659,um,Spot,Position,1,2653,
3349.94,345.75,9.03659,um,Spot,Position,1,2658,
3355.86,378.894,8.59752,um,Spot,Position,1,2659,
3362.91,389.661,10.5,um,Spot,Position,1,2661,
3384.53,410.066,10.5,um,Spot,Position,1,2662,
3553.68,361.912,6.97802,um,Spot,Position,1,2663,
3537.16,365.492,5.90611,um,Spot,Position,1,2664,
3567.49,365.41,6.37916,um,Spot,Position,1,2665,
3541.14,390.728,6.7916,um,Spot,Position,1,2667,
3529.83,415.67,6.2521,um,Spot,Position,1,2668,
3552.99,336.803,8.10112,um,Spot,Position,1,2669,
3531.62,338.856,8.08895,um,Spot,Position,1,2670,
3552.15,384.555,7.10798,um,Spot,Position,1,2671,
3508.99,384.235,9.62932,um,Spot,Position,1,2673,
3517.26,387.632,8.62783,um,Spot,Position,1,2674,
3518.9,368.425,10.5,um,Spot,Position,1,2675,
3581.09,339.415,8.52451,um,Spot,Position,1,2677,
2744.43,431.059,8.03505,um,Spot,Position,1,2688,
2796.2,473.045,6.09975,um,Spot,Position,1,2692,
2795.49,477.538,6.18495,um,Spot,Position,1,2693,
2853.31,472.839,6.21416,um,Spot,Position,1,2694,
3241.69,448.251,7.13978,um,Spot,Position,1,2696,
3243.91,473.036,7.54049,um,Spot,Position,1,2697,
3308.95,423.931,6.43263,um,Spot,Position,1,2699,
3248.29,428.504,6.6058,um,Spot,Position,1,2700,
3291.24,436.603,6.83089,um,Spot,Position,1,2702,
3307.18,448.53,6.74114,um,Spot,Position,1,2705,
3277.01,455.802,6.11771,um,Spot,Position,1,2706,
3292.03,494.001,6.29684,um,Spot,Position,1,2708,
3313.31,418.572,7.73965,um,Spot,Position,1,2709,
3295.18,436.362,8.16807,um,Spot,Position,1,2711,
3289.43,478.993,7.55227,um,Spot,Position,1,2713,
3273.84,479.461,7.51879,um,Spot,Position,1,2714,
3327.7,440.875,10.5,um,Spot,Position,1,2715,
3329.43,449.228,6.55013,um,Spot,Position,1,2718,
3355.22,472.23,6.49473,um,Spot,Position,1,2721,
3340.35,473.923,6.19534,um,Spot,Position,1,2722,
3389.26,476.937,6.01996,um,Spot,Position,1,2723,
3364.65,426.126,7.33313,um,Spot,Position,1,2724,
3366.49,453.952,8.01525,um,Spot,Position,1,2728,
3385.99,494.754,7.35744,um,Spot,Position,1,2729,
3532.08,424.66,6.21359,um,Spot,Position,1,2733,
3576.41,426.88,6.38107,um,Spot,Position,1,2734,
3552.35,417.457,7.03757,um,Spot,Position,1,2735,
3515.71,447.431,7.83422,um,Spot,Position,1,2736,
3510.96,422.371,9.10781,um,Spot,Position,1,2738,
3581.17,472.873,6.05326,um,Spot,Position,1,2739,
2704.95,500.625,5.80955,um,Spot,Position,1,2740,
2735.48,536.738,6.0773,um,Spot,Position,1,2741,
2687.83,571.149,5.76888,um,Spot,Position,1,2743,
2820.88,575.01,6.43093,um,Spot,Position,1,2744,
3290.87,550.938,5.89087,um,Spot,Position,1,2748,
3278.83,500.285,8.23394,um,Spot,Position,1,2749,
3267.72,571.34,7.70125,um,Spot,Position,1,2753,
3310.42,551.884,8.76779,um,Spot,Position,1,2754,
3323.57,578.694,10.5,um,Spot,Position,1,2756,
3360.22,504.911,6.34904,um,Spot,Position,1,2758,
3335.02,508.957,6.46475,um,Spot,Position,1,2760,
3328.12,537.114,6.08633,um,Spot,Position,1,2761,
3355.96,545.129,6.07053,um,Spot,Position,1,2762,
3373.8,551.809,5.88636,um,Spot,Position,1,2763,
3334.75,554.929,5.99736,um,Spot,Position,1,2764,
3398.59,564.903,6.49354,um,Spot,Position,1,2765,
3390.32,515.754,7.7026,um,Spot,Position,1,2766,
3368.03,523.214,7.62591,um,Spot,Position,1,2767,
3409.83,547.064,7.38691,um,Spot,Position,1,2768,
3380.39,559.84,7.37916,um,Spot,Position,1,2769,
3478.94,574.356,6.58611,um,Spot,Position,1,2770,
3452.82,581.852,5.85581,um,Spot,Position,1,2771,
3414.27,572.747,9.14047,um,Spot,Position,1,2772,
3545.41,553.903,6.07431,um,Spot,Position,1,2778,
3509.51,570.95,5.97003,um,Spot,Position,1,2779,
3553.39,580.675,10.5,um,Spot,Position,1,2787,
2653.8,590.331,5.75314,um,Spot,Position,1,2788,
2645.34,632.544,5.99341,um,Spot,Position,1,2789,
2678.32,600.975,6.41771,um,Spot,Position,1,2792,
2690.76,621.407,5.819,um,Spot,Position,1,2793,
2707.23,621.693,6.31217,um,Spot,Position,1,2794,
3280.53,593.836,6.223,um,Spot,Position,1,2800,
3316.34,643.735,6.44939,um,Spot,Position,1,2803,
3251.5,586.271,7.15901,um,Spot,Position,1,2804,
3277.75,588.388,8.03724,um,Spot,Position,1,2805,
3319.31,636.589,9.41476,um,Spot,Position,1,2807,
3327.9,613.154,10.5,um,Spot,Position,1,2808,
3271.52,615.653,10.5,um,Spot,Position,1,2809,
3297.98,626.131,10.5,um,Spot,Position,1,2810,
3347.62,616.384,6.68357,um,Spot,Position,1,2812,
3401.18,628.268,8.1253,um,Spot,Position,1,2815,
3346.27,665.549,7.20574,um,Spot,Position,1,2818,
3373.19,591.422,9.15352,um,Spot,Position,1,2819,
3344.32,599.867,9.15464,um,Spot,Position,1,2820,
3348.71,591.344,10.5,um,Spot,Position,1,2821,
3396.5,595.792,10.5,um,Spot,Position,1,2822,
3335.57,597.142,10.5,um,Spot,Position,1,2823,
3396.88,609.283,10.5,um,Spot,Position,1,2824,
3370.53,625.061,10.5,um,Spot,Position,1,2826,
3367.88,629.992,10.5,um,Spot,Position,1,2827,
3332.45,658.574,10.5,um,Spot,Position,1,2828,
3380.87,662.233,10.5,um,Spot,Position,1,2829,
3470.36,601.978,6.12715,um,Spot,Position,1,2830,
3443.66,607.412,6.66178,um,Spot,Position,1,2831,
3477.44,655.872,6.89089,um,Spot,Position,1,2832,
3463.07,586.674,7.4281,um,Spot,Position,1,2833,
3449.57,631.956,7.53302,um,Spot,Position,1,2834,
3438.7,602.01,8.7422,um,Spot,Position,1,2836,
3411.77,637.819,9.39309,um,Spot,Position,1,2837,
3484.77,614.641,10.5,um,Spot,Position,1,2838,
3482.82,629.213,10.5,um,Spot,Position,1,2839,
3420.26,631.401,10.5,um,Spot,Position,1,2840,
3441.81,634.998,10.5,um,Spot,Position,1,2841,
3463.75,655.104,10.5,um,Spot,Position,1,2842,
3533.51,586.2,6.14036,um,Spot,Position,1,2843,
3529.29,591.321,6.17908,um,Spot,Position,1,2844,
3535.09,619.318,6.3094,um,Spot,Position,1,2845,
2627.91,738.225,5.9783,um,Spot,Position,1,2848,
3453.83,670.522,7.55141,um,Spot,Position,1,2850,
3415.37,669.807,9.55261,um,Spot,Position,1,2851,
2644.63,798.137,5.93832,um,Spot,Position,1,2854,
2644.39,817.564,6.02756,um,Spot,Position,1,2855,
2671.14,755.78,5.74232,um,Spot,Position,1,2856,
1620.38,888.9,6.07828,um,Spot,Position,1,2861,
1714.94,912.018,5.96244,um,Spot,Position,1,2864,
1765.07,873.172,5.90205,um,Spot,Position,1,2868,
2134.43,904.37,6.20824,um,Spot,Position,1,2869,
2105.97,908.992,7.55567,um,Spot,Position,1,2870,
2192.11,905.626,6.26664,um,Spot,Position,1,2871,
2333.99,891.291,8.01991,um,Spot,Position,1,2874,
2463.89,868.499,6.57716,um,Spot,Position,1,2877,
2566.16,908.566,6.26651,um,Spot,Position,1,2878,
2611.84,863.443,7.19501,um,Spot,Position,1,2879,
2600.39,878.873,8.14382,um,Spot,Position,1,2880,
2641.42,853.804,8.65018,um,Spot,Position,1,2881,
2018.59,964.196,5.76045,um,Spot,Position,1,2886,
2051.91,979.942,6.61642,um,Spot,Position,1,2887,
2111.96,927.395,6.46132,um,Spot,Position,1,2888,
2135.84,934.829,6.68644,um,Spot,Position,1,2889,
2122.46,960.223,5.77634,um,Spot,Position,1,2890,
2130.6,961.729,6.99841,um,Spot,Position,1,2891,
2083.52,985.318,5.76746,um,Spot,Position,1,2892,
2139.73,924.73,7.33038,um,Spot,Position,1,2893,
2186.68,942.881,6.41693,um,Spot,Position,1,2895,
2212.61,946.526,5.75276,um,Spot,Position,1,2896,
2212.75,986.049,6.22928,um,Spot,Position,1,2897,
2181.82,994.852,6.45095,um,Spot,Position,1,2898,
2176.78,958.861,7.32823,um,Spot,Position,1,2899,
2247.83,944.697,5.83488,um,Spot,Position,1,2900,
2252.73,974.381,7.10966,um,Spot,Position,1,2902,
2381.49,963.979,6.0654,um,Spot,Position,1,2905,
2033.16,1034.68,5.77819,um,Spot,Position,1,2909,
2246.72,1003.03,5.68201,um,Spot,Position,1,2913,
2310.99,1013.14,6.23667,um,Spot,Position,1,2914,
2329.65,1014.41,6.51374,um,Spot,Position,1,2917,
