
Position
 ==================== 
Position X,Position Y,Position Z,Unit,Category,Collection,Time,ID,
3301.76,6121.68,1.294,um,Spot,Position,1,0,
3233.45,6148.43,5.61486,um,Spot,Position,1,1,
3275.88,6153.15,4.69985,um,Spot,Position,1,2,
3311.98,6118.9,7.35879,um,Spot,Position,1,3,
3274.87,6127.03,7.24161,um,Spot,Position,1,4,
3312.1,6127.43,7.3058,um,Spot,Position,1,5,
3290.01,6141.52,7.1635,um,Spot,Position,1,6,
3291.43,6146.79,6.78399,um,Spot,Position,1,7,
3324.14,6101.38,1.294,um,Spot,Position,1,8,
3377.88,6107.11,1.294,um,Spot,Position,1,9,
3388.49,6124.8,1.294,um,Spot,Position,1,10,
3365.4,6141.35,1.294,um,Spot,Position,1,11,
3344.46,6151.58,1.294,um,Spot,Position,1,12,
3370.51,6125.42,6.14038,um,Spot,Position,1,13,
3336.14,6117.02,7.24399,um,Spot,Position,1,14,
3375.7,6154.3,7.15386,um,Spot,Position,1,15,
3429.99,6124.78,6.86603,um,Spot,Position,1,16,
3434.58,6149.37,7.13481,um,Spot,Position,1,17,
4375.7,6125.35,5.36909,um,Spot,Position,1,18,
4346.84,6128.4,6.10451,um,Spot,Position,1,19,
4335.12,6140.63,5.43373,um,Spot,Position,1,20,
4345.95,6149.3,6.18926,um,Spot,Position,1,21,
4362.76,6151.03,6.01292,um,Spot,Position,1,22,
4384.1,6151.35,5.82618,um,Spot,Position,1,23,
4379.89,6160.79,5.57445,um,Spot,Position,1,24,
4362.47,6122.11,7.06149,um,Spot,Position,1,25,
4383.59,6128.2,8.88041,um,Spot,Position,1,26,
4360.69,6133.81,6.68005,um,Spot,Position,1,27,
4366.41,6136.07,7.53038,um,Spot,Position,1,28,
4347.15,6142.64,6.64585,um,Spot,Position,1,29,
4354.14,6142.73,6.39792,um,Spot,Position,1,30,
4404.78,6136.45,7.79064,um,Spot,Position,1,31,
4418.76,6139.18,6.60536,um,Spot,Position,1,32,
1045.35,6232.97,3.94047,um,Spot,Position,1,33,
3045.59,6243.42,1.294,um,Spot,Position,1,34,
3219.54,6179.24,1.294,um,Spot,Position,1,35,
3200.52,6211.93,1.294,um,Spot,Position,1,36,
3183.93,6218.63,1.294,um,Spot,Position,1,37,
3175.69,6236.31,1.294,um,Spot,Position,1,38,
3194.84,6238.22,1.294,um,Spot,Position,1,39,
3208.64,6188.87,4.84185,um,Spot,Position,1,40,
3213.43,6202.44,5.26959,um,Spot,Position,1,42,
3201.89,6241.68,3.47166,um,Spot,Position,1,43,
3294.68,6177.64,1.294,um,Spot,Position,1,44,
3239.43,6190.82,1.294,um,Spot,Position,1,45,
3285.05,6196.42,1.294,um,Spot,Position,1,46,
3254.54,6207.86,1.294,um,Spot,Position,1,47,
3254.62,6228.47,1.294,um,Spot,Position,1,48,
3287.33,6234.56,1.294,um,Spot,Position,1,49,
3273.92,6239.25,1.294,um,Spot,Position,1,50,
3279.99,6242.69,1.294,um,Spot,Position,1,51,
3275.15,6198.35,4.16247,um,Spot,Position,1,52,
3252.65,6200.3,4.13209,um,Spot,Position,1,53,
3290.69,6231.8,3.46219,um,Spot,Position,1,54,
3291.5,6191.37,7.20928,um,Spot,Position,1,55,
3305.21,6218.85,7.12208,um,Spot,Position,1,56,
3273.18,6223.18,7.25351,um,Spot,Position,1,57,
3343.48,6167.52,1.294,um,Spot,Position,1,58,
3318.57,6175.73,1.294,um,Spot,Position,1,59,
3349.57,6193.59,1.294,um,Spot,Position,1,60,
3368.61,6194.96,1.294,um,Spot,Position,1,61,
3327.4,6199.02,1.294,um,Spot,Position,1,62,
3350.05,6220.44,1.294,um,Spot,Position,1,63,
3330.82,6163.53,6.10189,um,Spot,Position,1,64,
3363.43,6212.7,3.44333,um,Spot,Position,1,65,
3382.07,6172.04,7.02963,um,Spot,Position,1,66,
3375.8,6195.54,7.13042,um,Spot,Position,1,67,
3466.22,6209.77,1.294,um,Spot,Position,1,68,
3436.64,6213.36,1.294,um,Spot,Position,1,69,
3413.63,6231.6,1.294,um,Spot,Position,1,70,
3444.11,6235.15,1.294,um,Spot,Position,1,71,
3422.48,6237.58,1.294,um,Spot,Position,1,72,
3397.99,6238.52,1.294,um,Spot,Position,1,73,
3405.03,6244.41,1.294,um,Spot,Position,1,74,
3463.59,6173.18,6.08365,um,Spot,Position,1,75,
3434.66,6200.57,3.63411,um,Spot,Position,1,76,
3416.93,6209.34,4.57995,um,Spot,Position,1,77,
3426.16,6222.19,3.58157,um,Spot,Position,1,78,
3412.41,6183.67,6.52087,um,Spot,Position,1,79,
3420,6188.63,6.88886,um,Spot,Position,1,80,
3403.47,6190.68,6.94913,um,Spot,Position,1,81,
3448.04,6196.67,6.5991,um,Spot,Position,1,82,
4304.16,6234.74,5.65522,um,Spot,Position,1,83,
4309.58,6242.75,5.94405,um,Spot,Position,1,84,
4326.7,6165.43,5.54943,um,Spot,Position,1,85,
4351.63,6167.57,6.34253,um,Spot,Position,1,86,
4343.39,6180.08,5.57317,um,Spot,Position,1,87,
4326.89,6185.94,5.72559,um,Spot,Position,1,88,
4388.01,6186.05,5.5527,um,Spot,Position,1,89,
4333.71,6190.37,6.16257,um,Spot,Position,1,90,
4375.32,6191.6,5.51065,um,Spot,Position,1,91,
4330.33,6204.65,5.81408,um,Spot,Position,1,92,
4329.16,6210.76,5.83471,um,Spot,Position,1,93,
4353.66,6214.48,5.64964,um,Spot,Position,1,94,
4315.63,6217.91,6.18009,um,Spot,Position,1,95,
4322.56,6220.67,5.60731,um,Spot,Position,1,96,
4371.65,6231.36,5.5432,um,Spot,Position,1,97,
4392.35,6232.45,5.44577,um,Spot,Position,1,98,
4350.53,6241.98,5.77892,um,Spot,Position,1,99,
4363.86,6164.09,7.08463,um,Spot,Position,1,100,
4394.89,6217.26,6.91903,um,Spot,Position,1,101,
4384.25,6242.69,7.00677,um,Spot,Position,1,102,
4344.96,6228.16,11.494,um,Spot,Position,1,103,
4405.68,6163.93,5.73902,um,Spot,Position,1,104,
4414.51,6185.99,5.99904,um,Spot,Position,1,105,
1026.89,6279.78,7.41985,um,Spot,Position,1,106,
1003.17,6293.21,6.68817,um,Spot,Position,1,107,
1116.83,6254.26,3.61431,um,Spot,Position,1,108,
1187.21,6254.35,1.294,um,Spot,Position,1,109,
1209.22,6319.33,1.294,um,Spot,Position,1,110,
1185.21,6325.88,1.294,um,Spot,Position,1,111,
1325.56,6282.17,4.3616,um,Spot,Position,1,112,
2638.77,6312.09,4.24923,um,Spot,Position,1,113,
2643.78,6321.47,6.92029,um,Spot,Position,1,114,
2661.23,6300.85,1.294,um,Spot,Position,1,115,
2699.01,6283.87,3.42362,um,Spot,Position,1,116,
2708.1,6320.66,3.44923,um,Spot,Position,1,117,
2681.83,6309.81,7.00537,um,Spot,Position,1,118,
2739.59,6259.31,5.25326,um,Spot,Position,1,119,
2772.99,6259.79,6.12444,um,Spot,Position,1,120,
2750.3,6279.54,6.21111,um,Spot,Position,1,121,
2801.99,6307.05,5.06906,um,Spot,Position,1,122,
2771.34,6312.28,3.38585,um,Spot,Position,1,123,
2781.27,6250.55,6.68897,um,Spot,Position,1,124,
2808.41,6259.79,7.01833,um,Spot,Position,1,125,
2764.88,6264.71,6.84848,um,Spot,Position,1,126,
2817.62,6321.63,1.294,um,Spot,Position,1,127,
2846.14,6320.99,4.86072,um,Spot,Position,1,128,
2816.94,6253.65,7.17901,um,Spot,Position,1,129,
2821.48,6279.33,6.97751,um,Spot,Position,1,130,
2869.73,6301.28,6.75264,um,Spot,Position,1,131,
2975.67,6293.71,3.58986,um,Spot,Position,1,132,
2936.74,6327.1,5.72021,um,Spot,Position,1,133,
2915.49,6274.03,6.5032,um,Spot,Position,1,134,
2917.63,6308.56,6.56186,um,Spot,Position,1,135,
2988.64,6266.55,1.294,um,Spot,Position,1,136,
3005.95,6268.74,1.294,um,Spot,Position,1,137,
3060.89,6290.53,1.294,um,Spot,Position,1,138,
2998.22,6304.03,1.294,um,Spot,Position,1,139,
2997.82,6311.62,1.294,um,Spot,Position,1,140,
3021.61,6264.05,3.18332,um,Spot,Position,1,141,
3029.46,6284.59,3.5372,um,Spot,Position,1,142,
3135.39,6261.59,1.294,um,Spot,Position,1,143,
3132.67,6264.98,1.294,um,Spot,Position,1,144,
3068.6,6275.59,1.294,um,Spot,Position,1,145,
3137.39,6285.06,1.294,um,Spot,Position,1,146,
3104.53,6289.93,1.294,um,Spot,Position,1,147,
3139.71,6294.46,1.294,um,Spot,Position,1,148,
3097.03,6310.35,1.294,um,Spot,Position,1,149,
3088.63,6312.02,1.294,um,Spot,Position,1,150,
3118.39,6316.2,1.294,um,Spot,Position,1,151,
3103.33,6324.69,1.294,um,Spot,Position,1,152,
3138.41,6325.61,1.294,um,Spot,Position,1,153,
3088.83,6294.88,3.35634,um,Spot,Position,1,154,
3163.9,6261.6,1.294,um,Spot,Position,1,155,
3175.68,6273.1,1.294,um,Spot,Position,1,156,
3192.01,6276.53,1.294,um,Spot,Position,1,157,
3165.99,6280.4,1.294,um,Spot,Position,1,158,
3221.78,6285.86,1.294,um,Spot,Position,1,159,
3152.15,6287.14,1.294,um,Spot,Position,1,160,
3157.92,6289.11,1.294,um,Spot,Position,1,161,
3197.15,6295.41,1.294,um,Spot,Position,1,162,
3187.32,6309.86,1.294,um,Spot,Position,1,163,
3173.79,6317.61,1.294,um,Spot,Position,1,164,
3182.01,6252.93,5.08952,um,Spot,Position,1,165,
3211.21,6269.32,3.26173,um,Spot,Position,1,166,
3218.13,6270.25,5.55376,um,Spot,Position,1,167,
3235.21,6247.96,1.294,um,Spot,Position,1,168,
3239.56,6270.78,1.294,um,Spot,Position,1,169,
3245.57,6249.2,6.02745,um,Spot,Position,1,170,
3390.39,6246.87,1.294,um,Spot,Position,1,171,
3361.1,6252.21,1.294,um,Spot,Position,1,172,
3397.36,6258.74,1.294,um,Spot,Position,1,173,
3342.92,6263.14,1.294,um,Spot,Position,1,174,
3337.14,6267.18,1.294,um,Spot,Position,1,175,
3384.97,6268.03,1.294,um,Spot,Position,1,176,
3357.08,6270.92,1.294,um,Spot,Position,1,177,
3366.44,6272.73,1.294,um,Spot,Position,1,178,
3380.71,6276.12,1.294,um,Spot,Position,1,179,
3327.74,6276.21,1.294,um,Spot,Position,1,180,
3321.94,6281.28,1.294,um,Spot,Position,1,181,
3326.11,6290.62,1.294,um,Spot,Position,1,182,
3351.75,6303.76,1.294,um,Spot,Position,1,183,
3364.56,6308.45,1.294,um,Spot,Position,1,184,
3338.66,6314.45,1.294,um,Spot,Position,1,185,
3354.34,6326.27,1.294,um,Spot,Position,1,186,
3336.93,6277.84,3.20823,um,Spot,Position,1,187,
3364.76,6300.73,4.67852,um,Spot,Position,1,188,
3320.72,6302.73,3.15657,um,Spot,Position,1,189,
3343.78,6315.46,3.3896,um,Spot,Position,1,190,
3318.79,6315.82,3.69134,um,Spot,Position,1,191,
3349.88,6321.7,5.07443,um,Spot,Position,1,192,
3414.16,6250.42,1.294,um,Spot,Position,1,193,
3428.64,6258.95,1.294,um,Spot,Position,1,194,
3427.9,6263.65,1.294,um,Spot,Position,1,195,
3427.02,6288.68,1.294,um,Spot,Position,1,196,
3412.27,6296.1,1.294,um,Spot,Position,1,197,
3402.11,6302.33,1.294,um,Spot,Position,1,198,
3431.58,6317.06,1.294,um,Spot,Position,1,199,
3425.79,6327.01,1.294,um,Spot,Position,1,200,
3398.35,6309.49,4.82248,um,Spot,Position,1,201,
3725.19,6316.26,1.294,um,Spot,Position,1,202,
3684.04,6318.61,1.294,um,Spot,Position,1,203,
3706.54,6318.46,1.294,um,Spot,Position,1,204,
3684.56,6325.98,1.294,um,Spot,Position,1,205,
3718.71,6320.34,4.95112,um,Spot,Position,1,206,
3748.74,6312.97,1.294,um,Spot,Position,1,207,
3798.78,6313.09,1.294,um,Spot,Position,1,208,
3776.02,6315.09,1.294,um,Spot,Position,1,209,
3802.96,6323.2,1.294,um,Spot,Position,1,210,
3786.99,6326.26,1.294,um,Spot,Position,1,211,
3741.41,6327.24,1.294,um,Spot,Position,1,212,
3739.32,6294.94,6.15674,um,Spot,Position,1,213,
3737.46,6317.51,4.88135,um,Spot,Position,1,214,
3780.65,6320.41,4.16745,um,Spot,Position,1,215,
3802.35,6288.95,8.23578,um,Spot,Position,1,216,
3793.87,6317.45,6.58687,um,Spot,Position,1,217,
3871.55,6313.93,1.294,um,Spot,Position,1,218,
3883.21,6322.41,1.294,um,Spot,Position,1,219,
3871.59,6327.34,1.294,um,Spot,Position,1,220,
3876.39,6246.05,5.5645,um,Spot,Position,1,221,
3881.91,6250.75,5.78219,um,Spot,Position,1,222,
3875.73,6292.47,5.6725,um,Spot,Position,1,223,
3889.05,6299.7,5.58036,um,Spot,Position,1,224,
3889.11,6306.74,5.92509,um,Spot,Position,1,225,
3868.72,6261.99,9.42111,um,Spot,Position,1,226,
3881.05,6300.47,8.14057,um,Spot,Position,1,227,
3894.31,6318.08,7.12432,um,Spot,Position,1,228,
3840.02,6255.65,11.494,um,Spot,Position,1,229,
3967.01,6311.82,1.294,um,Spot,Position,1,230,
3962.08,6313.04,1.294,um,Spot,Position,1,231,
3946.06,6314.2,1.294,um,Spot,Position,1,232,
3911.34,6318.98,1.294,um,Spot,Position,1,233,
3966.36,6324.14,1.294,um,Spot,Position,1,234,
3942.92,6259.58,5.77116,um,Spot,Position,1,235,
3931.12,6267.22,5.60183,um,Spot,Position,1,236,
3931.63,6275.23,5.99873,um,Spot,Position,1,237,
3955.74,6281.03,5.56498,um,Spot,Position,1,238,
3948.6,6287.32,5.75856,um,Spot,Position,1,239,
3924.11,6289.32,5.58102,um,Spot,Position,1,240,
3959.98,6291.06,5.77576,um,Spot,Position,1,241,
3904.12,6295.81,5.6886,um,Spot,Position,1,242,
3921.61,6298.79,5.42173,um,Spot,Position,1,243,
3965.07,6302.16,5.76316,um,Spot,Position,1,244,
3958.6,6302.37,5.39141,um,Spot,Position,1,245,
3902.61,6306.19,5.5556,um,Spot,Position,1,246,
3967.42,6306.23,5.44156,um,Spot,Position,1,247,
3931.17,6306.97,5.70646,um,Spot,Position,1,248,
3936.32,6311.52,4.48581,um,Spot,Position,1,249,
3943.68,6276.69,7.1644,um,Spot,Position,1,250,
3908.29,6284.07,6.94118,um,Spot,Position,1,251,
3985.39,6312.21,1.294,um,Spot,Position,1,252,
3980.44,6324.45,1.294,um,Spot,Position,1,253,
3984.29,6275.82,6.26331,um,Spot,Position,1,254,
3994.47,6278.12,5.46586,um,Spot,Position,1,255,
3998.78,6284.64,6.17914,um,Spot,Position,1,256,
3991.69,6288.16,6.28202,um,Spot,Position,1,257,
3980.27,6302.97,6.20763,um,Spot,Position,1,258,
3986.63,6306.89,5.52322,um,Spot,Position,1,259,
4008.13,6309.42,6.50535,um,Spot,Position,1,260,
4002.68,6318.69,11.494,um,Spot,Position,1,262,
4127.07,6319.62,1.294,um,Spot,Position,1,263,
4186.2,6320.98,1.294,um,Spot,Position,1,264,
4181.16,6321.94,1.294,um,Spot,Position,1,265,
4166.13,6325.78,5.93911,um,Spot,Position,1,266,
4204.12,6327.4,5.79055,um,Spot,Position,1,267,
4192.84,6328.05,4.92004,um,Spot,Position,1,268,
4151.92,6327.29,6.40384,um,Spot,Position,1,269,
4310.56,6252.71,5.73833,um,Spot,Position,1,270,
4279.91,6262.68,5.52634,um,Spot,Position,1,271,
4312.05,6271.84,6.1938,um,Spot,Position,1,272,
4309.15,6278.17,5.64562,um,Spot,Position,1,273,
4296.79,6285.23,5.57271,um,Spot,Position,1,274,
4277.85,6286.25,5.63316,um,Spot,Position,1,275,
4292.59,6302.93,5.60609,um,Spot,Position,1,276,
4301.7,6306.5,5.9225,um,Spot,Position,1,277,
4279.49,6314.9,6.04207,um,Spot,Position,1,278,
4245.89,6317.54,5.59083,um,Spot,Position,1,279,
4250.33,6326.6,6.22489,um,Spot,Position,1,280,
4288.42,6320.02,7.03992,um,Spot,Position,1,282,
4333.76,6247.54,5.4975,um,Spot,Position,1,283,
4314.99,6255.45,5.56848,um,Spot,Position,1,284,
4374.29,6259.53,5.51597,um,Spot,Position,1,285,
4355.03,6265.6,6.39154,um,Spot,Position,1,286,
4325.78,6273.9,5.79306,um,Spot,Position,1,287,
4356.07,6278.2,5.61899,um,Spot,Position,1,288,
4342.6,6278.62,5.83522,um,Spot,Position,1,289,
4314.75,6281.34,5.4599,um,Spot,Position,1,290,
4353.03,6293.2,5.74265,um,Spot,Position,1,291,
4320.04,6312.16,5.72589,um,Spot,Position,1,292,
4351.95,6317.77,5.78002,um,Spot,Position,1,293,
1143.16,6335.28,3.86082,um,Spot,Position,1,294,
1111.52,6360.33,5.09309,um,Spot,Position,1,295,
1225.2,6381.12,1.294,um,Spot,Position,1,296,
1250.11,6350.44,1.294,um,Spot,Position,1,297,
1287.06,6379.01,1.294,um,Spot,Position,1,298,
1311.01,6385.99,1.294,um,Spot,Position,1,299,
1250.91,6335.03,3.58722,um,Spot,Position,1,300,
1310.77,6368.03,4.14585,um,Spot,Position,1,301,
1251.91,6389.6,3.41737,um,Spot,Position,1,302,
1339.26,6345.74,1.294,um,Spot,Position,1,303,
1380.92,6344.91,4.40271,um,Spot,Position,1,304,
1334.23,6361.98,3.53622,um,Spot,Position,1,305,
1400.59,6392.2,4.09992,um,Spot,Position,1,306,
1385.28,6371.63,7.25801,um,Spot,Position,1,307,
1408.43,6345.28,5.80542,um,Spot,Position,1,308,
1473.61,6359.72,5.99136,um,Spot,Position,1,309,
1469.23,6352.55,6.67392,um,Spot,Position,1,310,
1441.13,6369.16,6.75175,um,Spot,Position,1,311,
1442.24,6377.86,7.21512,um,Spot,Position,1,312,
1405.07,6410.01,7.02312,um,Spot,Position,1,313,
1542.47,6382.01,1.294,um,Spot,Position,1,314,
1511.05,6383.89,4.06947,um,Spot,Position,1,315,
1533.31,6401.49,3.61774,um,Spot,Position,1,316,
1546.56,6378,6.86661,um,Spot,Position,1,317,
1494.65,6380.95,7.39197,um,Spot,Position,1,318,
1528.56,6382.94,7.00177,um,Spot,Position,1,319,
1485.24,6404.9,7.4136,um,Spot,Position,1,320,
1639.98,6356.62,1.294,um,Spot,Position,1,321,
1612.99,6366.23,1.294,um,Spot,Position,1,322,
1637.23,6387.56,1.294,um,Spot,Position,1,323,
1630.56,6397.95,1.294,um,Spot,Position,1,324,
1648.32,6399.33,1.294,um,Spot,Position,1,325,
1579.2,6373,5.36801,um,Spot,Position,1,326,
1578.15,6396.01,4.80065,um,Spot,Position,1,327,
1572.57,6382.77,7.42555,um,Spot,Position,1,328,
1570.26,6391.25,7.2301,um,Spot,Position,1,329,
1589.73,6399.5,7.18088,um,Spot,Position,1,330,
1632.97,6401.79,6.59606,um,Spot,Position,1,331,
1702.3,6340.83,1.294,um,Spot,Position,1,332,
1670.28,6349.77,1.294,um,Spot,Position,1,333,
1689.1,6367.9,1.294,um,Spot,Position,1,334,
1695.07,6384.62,1.294,um,Spot,Position,1,335,
1710.28,6396.5,1.294,um,Spot,Position,1,336,
1688.15,6374.96,4.67186,um,Spot,Position,1,337,
1731.08,6378.29,4.00683,um,Spot,Position,1,338,
1673.88,6385.51,4.48448,um,Spot,Position,1,339,
1692.96,6362.64,7.09279,um,Spot,Position,1,340,
1654.74,6377.32,6.91519,um,Spot,Position,1,341,
1687.91,6381.6,6.9544,um,Spot,Position,1,342,
1657.13,6387.15,7.28309,um,Spot,Position,1,343,
1730.18,6400.71,6.86785,um,Spot,Position,1,344,
1729.93,6406.37,7.28756,um,Spot,Position,1,345,
1723.24,6408.96,7.10339,um,Spot,Position,1,346,
1738.35,6342.19,1.294,um,Spot,Position,1,347,
1808.56,6346.39,1.294,um,Spot,Position,1,348,
1754.96,6346.99,1.294,um,Spot,Position,1,349,
1768.22,6347.47,1.294,um,Spot,Position,1,350,
1799.09,6374.7,1.294,um,Spot,Position,1,351,
1760.19,6381.37,1.294,um,Spot,Position,1,352,
1774.39,6396.36,1.294,um,Spot,Position,1,353,
1791.19,6408.17,1.294,um,Spot,Position,1,354,
1763.68,6359.45,3.87368,um,Spot,Position,1,355,
1747.38,6368.51,4.82632,um,Spot,Position,1,356,
1792.79,6373.33,5.08517,um,Spot,Position,1,357,
1782.22,6410.54,6.32382,um,Spot,Position,1,358,
1815.87,6373.84,6.94811,um,Spot,Position,1,359,
1744.79,6382.5,7.06217,um,Spot,Position,1,360,
1771.94,6409.7,6.92368,um,Spot,Position,1,361,
1831.57,6354.29,1.294,um,Spot,Position,1,362,
1848.02,6357.66,1.294,um,Spot,Position,1,363,
1835.22,6365.51,1.294,um,Spot,Position,1,364,
1850.73,6371.96,1.294,um,Spot,Position,1,365,
1849.02,6380.97,1.294,um,Spot,Position,1,366,
1828.34,6388.13,1.294,um,Spot,Position,1,367,
1854.74,6393.02,1.294,um,Spot,Position,1,368,
1881.92,6396.29,1.294,um,Spot,Position,1,369,
1832.75,6398.22,1.294,um,Spot,Position,1,370,
1893.07,6402.35,1.294,um,Spot,Position,1,371,
1888.33,6388.5,4.01672,um,Spot,Position,1,372,
1885.04,6409.52,5.26085,um,Spot,Position,1,373,
1875.65,6379.87,7.08821,um,Spot,Position,1,374,
1873.41,6402.46,6.87672,um,Spot,Position,1,375,
1861.04,6406.49,6.85196,um,Spot,Position,1,376,
1816.75,6409.58,6.61748,um,Spot,Position,1,377,
1841.3,6410.8,6.67482,um,Spot,Position,1,378,
1946.6,6366.47,1.294,um,Spot,Position,1,379,
1972.89,6383.95,1.294,um,Spot,Position,1,380,
1975.35,6392.45,1.294,um,Spot,Position,1,381,
1962.11,6380.04,3.04323,um,Spot,Position,1,382,
1953.39,6382.34,4.2913,um,Spot,Position,1,383,
1916.73,6397.13,4.58649,um,Spot,Position,1,384,
1952.62,6373.08,7.31913,um,Spot,Position,1,385,
1979.87,6376.64,7.13748,um,Spot,Position,1,386,
1977.31,6407.33,6.8651,um,Spot,Position,1,387,
2018.45,6354.18,1.294,um,Spot,Position,1,388,
2038.35,6366.83,1.294,um,Spot,Position,1,389,
2028.38,6377.93,1.294,um,Spot,Position,1,390,
1999.18,6381.56,1.294,um,Spot,Position,1,391,
2062.74,6385.1,2.29819,um,Spot,Position,1,392,
1988.74,6368.22,4.33102,um,Spot,Position,1,393,
1992.24,6385.97,3.51389,um,Spot,Position,1,395,
1996.49,6395.96,4.99135,um,Spot,Position,1,396,
2033.38,6361.27,6.95344,um,Spot,Position,1,397,
2019.31,6369.34,7.49241,um,Spot,Position,1,398,
2043.36,6379.37,7.46188,um,Spot,Position,1,399,
1988.49,6392.89,6.79802,um,Spot,Position,1,400,
2044.36,6395.12,7.35619,um,Spot,Position,1,401,
2094.85,6355.65,1.294,um,Spot,Position,1,402,
2137.78,6355.86,1.294,um,Spot,Position,1,403,
2148.64,6377.37,1.294,um,Spot,Position,1,404,
2087.58,6377.7,1.294,um,Spot,Position,1,405,
2129.4,6359.71,3.85475,um,Spot,Position,1,406,
2147.05,6387.21,6.12812,um,Spot,Position,1,407,
2071.42,6363.46,7.31843,um,Spot,Position,1,408,
2114.62,6375.22,7.37282,um,Spot,Position,1,409,
2135.49,6387.4,7.23279,um,Spot,Position,1,411,
2077.82,6394.46,7.19286,um,Spot,Position,1,412,
2085.35,6403.31,6.78794,um,Spot,Position,1,413,
2144.14,6409.61,6.64445,um,Spot,Position,1,414,
2218.3,6355.76,1.294,um,Spot,Position,1,415,
2209.42,6363.76,1.294,um,Spot,Position,1,416,
2190.23,6366.98,1.294,um,Spot,Position,1,417,
2221.2,6400.35,1.294,um,Spot,Position,1,418,
2230.49,6360.18,4.21065,um,Spot,Position,1,419,
2222.44,6360.44,6.05155,um,Spot,Position,1,420,
2202.7,6374.54,6.01532,um,Spot,Position,1,421,
2178.29,6375.82,4.90598,um,Spot,Position,1,422,
2189.57,6387.92,3.70777,um,Spot,Position,1,423,
2183.03,6392.81,6.06786,um,Spot,Position,1,424,
2228.09,6373.17,6.51565,um,Spot,Position,1,425,
2214.92,6373.65,6.65118,um,Spot,Position,1,426,
2155.6,6374.12,6.9306,um,Spot,Position,1,427,
2202.1,6383.32,6.59978,um,Spot,Position,1,429,
2221.11,6389.15,7.2684,um,Spot,Position,1,430,
2211.69,6392.49,7.33484,um,Spot,Position,1,431,
2169.7,6400.42,6.88672,um,Spot,Position,1,432,
2158.51,6401.25,7.65618,um,Spot,Position,1,433,
2222.49,6406.39,6.983,um,Spot,Position,1,434,
2262.8,6344.03,1.294,um,Spot,Position,1,435,
2269.84,6344.97,1.294,um,Spot,Position,1,436,
2234.7,6348.45,1.294,um,Spot,Position,1,437,
2242.87,6351.77,1.294,um,Spot,Position,1,438,
2251.06,6352.33,1.294,um,Spot,Position,1,439,
2263.57,6355.87,1.294,um,Spot,Position,1,440,
2297.12,6364.98,1.294,um,Spot,Position,1,441,
2236.77,6386.22,1.294,um,Spot,Position,1,442,
2240.83,6396.77,1.294,um,Spot,Position,1,443,
2247.46,6358.91,5.78121,um,Spot,Position,1,444,
2286.14,6366.54,3.54409,um,Spot,Position,1,445,
2273.97,6355.82,6.771,um,Spot,Position,1,446,
2242.19,6367.7,6.88151,um,Spot,Position,1,447,
2313.02,6375.12,7.3377,um,Spot,Position,1,448,
2305.47,6388.38,7.11726,um,Spot,Position,1,449,
2303.51,6395.6,7.19982,um,Spot,Position,1,450,
2280.44,6401.29,6.5252,um,Spot,Position,1,451,
2257.24,6410.16,7.16913,um,Spot,Position,1,452,
2365.45,6337.78,1.294,um,Spot,Position,1,453,
2316.91,6339.17,1.294,um,Spot,Position,1,454,
2376.57,6360.81,1.294,um,Spot,Position,1,455,
2362.07,6349.65,6.96582,um,Spot,Position,1,456,
2395.7,6355.77,6.68154,um,Spot,Position,1,457,
2325.03,6363.5,6.9231,um,Spot,Position,1,458,
2369.69,6387.4,6.7434,um,Spot,Position,1,459,
2366.58,6403.46,6.92961,um,Spot,Position,1,460,
2451.23,6356.28,1.294,um,Spot,Position,1,461,
2477.8,6356.85,1.294,um,Spot,Position,1,462,
2450.37,6386.75,1.294,um,Spot,Position,1,463,
2418.43,6357.42,4.52208,um,Spot,Position,1,464,
2461.26,6375.01,6.64923,um,Spot,Position,1,465,
2476.95,6375.24,6.72928,um,Spot,Position,1,466,
2435.6,6382.92,6.67401,um,Spot,Position,1,467,
2564.77,6337.41,1.294,um,Spot,Position,1,468,
2511.56,6352.6,1.294,um,Spot,Position,1,469,
2507.96,6404.55,1.294,um,Spot,Position,1,470,
2506.65,6359.41,6.51182,um,Spot,Position,1,471,
2552.28,6366.57,6.78248,um,Spot,Position,1,472,
2552.87,6374.25,7.37951,um,Spot,Position,1,473,
2506.17,6381.54,6.68861,um,Spot,Position,1,474,
2565.25,6401.49,7.09037,um,Spot,Position,1,475,
2524.79,6411.53,6.62623,um,Spot,Position,1,476,
2624.18,6336.12,1.294,um,Spot,Position,1,477,
2585.57,6338.88,5.97252,um,Spot,Position,1,478,
2648.13,6362.69,6.9993,um,Spot,Position,1,479,
2621.81,6372.14,7.26241,um,Spot,Position,1,480,
2581.28,6377.43,7.33156,um,Spot,Position,1,481,
2606.43,6378.83,7.29868,um,Spot,Position,1,482,
2635.96,6388.24,6.98508,um,Spot,Position,1,483,
2589.48,6397.09,7.20897,um,Spot,Position,1,484,
2633.73,6407.55,7.15205,um,Spot,Position,1,485,
2730.22,6336.34,5.21065,um,Spot,Position,1,486,
2696.24,6409,6.11605,um,Spot,Position,1,487,
2672.82,6354.08,7.23842,um,Spot,Position,1,488,
2702.25,6356.44,7.2424,um,Spot,Position,1,489,
2697.31,6367.79,7.03723,um,Spot,Position,1,490,
2708.76,6384.33,7.37784,um,Spot,Position,1,491,
2677.44,6392.65,7.26833,um,Spot,Position,1,492,
2668.98,6397.83,7.14547,um,Spot,Position,1,493,
2805.43,6388.03,4.75017,um,Spot,Position,1,494,
2785.9,6342.04,6.61781,um,Spot,Position,1,495,
2798.63,6344.8,7.20372,um,Spot,Position,1,496,
2756.03,6366.6,7.46566,um,Spot,Position,1,497,
2765.31,6367.38,6.7265,um,Spot,Position,1,498,
2743.86,6394.52,7.40821,um,Spot,Position,1,499,
2781.99,6395.66,7.23403,um,Spot,Position,1,500,
2744.02,6405.4,7.40075,um,Spot,Position,1,501,
2852.68,6379.14,1.294,um,Spot,Position,1,502,
2844.51,6352.63,7.23874,um,Spot,Position,1,503,
2869.05,6364.03,7.16088,um,Spot,Position,1,504,
2824.1,6367.49,6.58556,um,Spot,Position,1,505,
2957.9,6330.08,1.294,um,Spot,Position,1,506,
2912.16,6338.08,5.46034,um,Spot,Position,1,507,
2898.86,6342.35,6.91761,um,Spot,Position,1,508,
3034.31,6328.43,1.294,um,Spot,Position,1,509,
3045.3,6333.88,1.294,um,Spot,Position,1,510,
3054.49,6350.52,1.294,um,Spot,Position,1,511,
3113.77,6334.11,1.294,um,Spot,Position,1,512,
3132.23,6335.16,1.294,um,Spot,Position,1,513,
3143.5,6340.85,1.294,um,Spot,Position,1,514,
3147.6,6342.47,1.294,um,Spot,Position,1,515,
3118.36,6350.42,1.294,um,Spot,Position,1,516,
3102.09,6355.72,1.294,um,Spot,Position,1,517,
3073.7,6345.57,3.49834,um,Spot,Position,1,518,
3086.43,6348.48,3.85899,um,Spot,Position,1,519,
3304.28,6390.18,1.294,um,Spot,Position,1,520,
3306.3,6407.08,1.294,um,Spot,Position,1,521,
3313.25,6359.71,7.05385,um,Spot,Position,1,522,
3319.93,6334.01,5.92744,um,Spot,Position,1,523,
3363.73,6333.77,4.40367,um,Spot,Position,1,524,
3373.08,6334.62,4.75924,um,Spot,Position,1,525,
3324.76,6366.24,5.18863,um,Spot,Position,1,526,
3359.78,6393.11,6.09833,um,Spot,Position,1,527,
3356.8,6343.57,6.73681,um,Spot,Position,1,528,
3317.59,6346.29,7.12245,um,Spot,Position,1,529,
3351.72,6346.51,7.36828,um,Spot,Position,1,530,
3393.16,6348.78,6.9837,um,Spot,Position,1,531,
3375.45,6368.02,6.60666,um,Spot,Position,1,532,
3319.67,6371.74,7.35112,um,Spot,Position,1,533,
3365.25,6375.7,6.77142,um,Spot,Position,1,534,
3391.64,6379.79,7.0074,um,Spot,Position,1,535,
3347.55,6384.06,7.04591,um,Spot,Position,1,536,
3324.7,6385.07,7.19844,um,Spot,Position,1,537,
3377.12,6390.27,7.09454,um,Spot,Position,1,538,
3387.46,6405.37,6.48004,um,Spot,Position,1,539,
3317.81,6405.86,7.30532,um,Spot,Position,1,540,
3421.41,6334.84,1.294,um,Spot,Position,1,541,
3416.26,6368.89,1.294,um,Spot,Position,1,542,
3418.03,6383.04,1.294,um,Spot,Position,1,543,
3458.13,6401.97,1.294,um,Spot,Position,1,544,
3428.43,6403.18,1.294,um,Spot,Position,1,545,
3427.5,6409.06,1.294,um,Spot,Position,1,546,
3415.22,6348.32,4.24035,um,Spot,Position,1,547,
3416.47,6400.24,3.9215,um,Spot,Position,1,548,
3419.57,6328.77,6.75054,um,Spot,Position,1,549,
3405.39,6340.77,6.51625,um,Spot,Position,1,550,
3418.48,6345.6,6.60336,um,Spot,Position,1,551,
3527.42,6363.82,1.294,um,Spot,Position,1,552,
3554.85,6365.39,1.294,um,Spot,Position,1,553,
3544.21,6370.55,1.294,um,Spot,Position,1,554,
3510.41,6371.1,1.294,um,Spot,Position,1,555,
3506.9,6380.04,1.294,um,Spot,Position,1,556,
3505.77,6383.86,1.294,um,Spot,Position,1,557,
3510.22,6387.03,1.294,um,Spot,Position,1,558,
3482.26,6396.01,1.294,um,Spot,Position,1,559,
3502.41,6405.07,1.294,um,Spot,Position,1,560,
3549.67,6388.74,3.14109,um,Spot,Position,1,561,
3555.17,6397.22,5.74649,um,Spot,Position,1,562,
3494.38,6403.8,3.37184,um,Spot,Position,1,563,
3522.84,6405.6,3.66825,um,Spot,Position,1,564,
3513.95,6410.31,3.37594,um,Spot,Position,1,565,
3645.29,6343.2,1.294,um,Spot,Position,1,566,
3585.47,6345.67,1.294,um,Spot,Position,1,567,
3599.31,6345.81,1.294,um,Spot,Position,1,568,
3614.32,6362.18,1.294,um,Spot,Position,1,569,
3608.26,6381.09,1.294,um,Spot,Position,1,570,
3627.54,6388.81,1.294,um,Spot,Position,1,571,
3616.27,6393.45,1.294,um,Spot,Position,1,572,
3636.38,6410.42,1.294,um,Spot,Position,1,573,
3587.42,6411.3,1.294,um,Spot,Position,1,574,
3620.24,6342.97,4.37156,um,Spot,Position,1,575,
3580.06,6357.73,5.97577,um,Spot,Position,1,576,
3645.04,6378.32,4.84009,um,Spot,Position,1,577,
3598.15,6382.17,4.69855,um,Spot,Position,1,578,
3623.2,6383.05,3.84503,um,Spot,Position,1,579,
3643.62,6394.26,3.33602,um,Spot,Position,1,580,
3588.4,6399.36,3.37939,um,Spot,Position,1,581,
3567.46,6354.82,6.88772,um,Spot,Position,1,582,
3717.4,6329.76,1.294,um,Spot,Position,1,583,
3670.95,6330.73,1.294,um,Spot,Position,1,584,
3691.77,6330.53,1.294,um,Spot,Position,1,585,
3723.09,6339.11,1.294,um,Spot,Position,1,586,
3680.18,6340.71,1.294,um,Spot,Position,1,587,
3698.33,6341.24,1.294,um,Spot,Position,1,588,
3689.67,6343.47,1.294,um,Spot,Position,1,589,
3652.72,6349.17,1.294,um,Spot,Position,1,590,
3698.11,6351.46,1.294,um,Spot,Position,1,591,
3683.57,6356.25,1.294,um,Spot,Position,1,592,
3700.21,6368.38,1.294,um,Spot,Position,1,593,
3722.81,6369.4,1.294,um,Spot,Position,1,594,
3703.22,6374.22,1.294,um,Spot,Position,1,595,
3686.65,6375.44,1.294,um,Spot,Position,1,596,
3729.95,6375.38,1.294,um,Spot,Position,1,597,
3695.08,6376.63,1.294,um,Spot,Position,1,598,
3718.13,6384.55,1.294,um,Spot,Position,1,599,
3700.02,6388.41,1.294,um,Spot,Position,1,600,
3669.51,6389.65,1.294,um,Spot,Position,1,601,
3659.08,6400.47,1.294,um,Spot,Position,1,602,
3695.72,6410.41,1.294,um,Spot,Position,1,603,
3705.21,6331.01,3.95072,um,Spot,Position,1,604,
3716.97,6337.85,3.86153,um,Spot,Position,1,605,
3705.75,6378.06,4.43787,um,Spot,Position,1,606,
3687.46,6385.13,4.63522,um,Spot,Position,1,607,
3707.66,6392.8,5.49687,um,Spot,Position,1,608,
3716.11,6394.42,4.58682,um,Spot,Position,1,609,
3712.9,6401.66,3.42388,um,Spot,Position,1,610,
3653.74,6402.6,3.57928,um,Spot,Position,1,611,
3728.87,6394.59,6.8962,um,Spot,Position,1,612,
3707.63,6404.55,6.81594,um,Spot,Position,1,613,
3772.79,6333.27,1.294,um,Spot,Position,1,614,
3767.46,6334.3,1.294,um,Spot,Position,1,615,
3751.39,6337.85,1.294,um,Spot,Position,1,616,
3770.06,6339.85,1.294,um,Spot,Position,1,617,
3763.55,6341.93,1.294,um,Spot,Position,1,618,
3756.58,6343.2,1.294,um,Spot,Position,1,619,
3767.9,6344.49,1.294,um,Spot,Position,1,620,
3776.31,6348.97,1.294,um,Spot,Position,1,621,
3788.17,6349.82,1.294,um,Spot,Position,1,622,
3741.1,6354.38,1.294,um,Spot,Position,1,623,
3752.44,6357.68,1.294,um,Spot,Position,1,624,
3772.31,6359.56,1.294,um,Spot,Position,1,625,
3732.34,6361.41,1.294,um,Spot,Position,1,626,
3738.05,6363.36,1.294,um,Spot,Position,1,627,
3730.45,6364.97,1.294,um,Spot,Position,1,628,
3798.56,6365.27,1.294,um,Spot,Position,1,629,
3766.64,6367.11,1.294,um,Spot,Position,1,630,
3767.98,6374.64,1.294,um,Spot,Position,1,631,
3790.73,6381.37,1.294,um,Spot,Position,1,632,
3790.52,6387.29,1.294,um,Spot,Position,1,633,
3739.23,6405.75,1.294,um,Spot,Position,1,634,
3806.39,6335.53,4.28198,um,Spot,Position,1,635,
3796.35,6352.98,4.23451,um,Spot,Position,1,636,
3782.55,6356.33,3.99462,um,Spot,Position,1,637,
3749.97,6378.2,4.66808,um,Spot,Position,1,638,
3796.1,6388.87,3.95372,um,Spot,Position,1,639,
3759.36,6389.41,3.8256,um,Spot,Position,1,640,
3731.57,6407.21,3.88977,um,Spot,Position,1,641,
3801.17,6355.85,7.04342,um,Spot,Position,1,642,
3737.17,6368.96,6.65303,um,Spot,Position,1,643,
3734.7,6397.51,7.01094,um,Spot,Position,1,644,
3805.14,6399.66,6.85642,um,Spot,Position,1,645,
3751.61,6406.03,7.00517,um,Spot,Position,1,646,
3806,6407.03,7.0564,um,Spot,Position,1,647,
3851.92,6333.79,1.294,um,Spot,Position,1,648,
3838.08,6335.53,1.294,um,Spot,Position,1,649,
3818.3,6337.48,1.294,um,Spot,Position,1,650,
3885.77,6381.98,1.294,um,Spot,Position,1,651,
3882.38,6384.71,1.294,um,Spot,Position,1,652,
3891.88,6394.99,1.294,um,Spot,Position,1,653,
3896.42,6395.6,1.294,um,Spot,Position,1,654,
3851.23,6401.73,1.294,um,Spot,Position,1,655,
3844.87,6410.44,1.294,um,Spot,Position,1,656,
3874.58,6348.63,5.98647,um,Spot,Position,1,657,
3884.23,6349.93,4.62366,um,Spot,Position,1,658,
3859.58,6350.85,4.33816,um,Spot,Position,1,659,
3894.69,6356.1,5.02729,um,Spot,Position,1,660,
3813.59,6360.17,5.23137,um,Spot,Position,1,661,
3869.36,6376.84,3.85863,um,Spot,Position,1,662,
3896.51,6377.82,4.45111,um,Spot,Position,1,663,
3848.92,6378.99,5.52533,um,Spot,Position,1,664,
3841.88,6391.22,4.14841,um,Spot,Position,1,665,
3824.87,6396.94,4.47107,um,Spot,Position,1,666,
3814.77,6398.67,3.19544,um,Spot,Position,1,667,
3855.94,6349.3,7.24873,um,Spot,Position,1,668,
3819.05,6355.12,6.77864,um,Spot,Position,1,669,
3857.23,6357.43,7.35545,um,Spot,Position,1,670,
3884,6358.83,7.53522,um,Spot,Position,1,671,
3842.43,6360.15,7.03799,um,Spot,Position,1,672,
3866.46,6360.06,7.0804,um,Spot,Position,1,673,
3837.49,6366.76,6.49294,um,Spot,Position,1,674,
3861.46,6367.22,7.52003,um,Spot,Position,1,675,
3861.36,6379.24,7.3837,um,Spot,Position,1,676,
3815.25,6387.22,7.33552,um,Spot,Position,1,677,
3894.92,6335.52,11.494,um,Spot,Position,1,678,
3939.58,6332.27,1.294,um,Spot,Position,1,679,
3945.36,6336.16,1.294,um,Spot,Position,1,680,
3947.07,6350.09,1.294,um,Spot,Position,1,681,
3928.75,6359.81,1.294,um,Spot,Position,1,682,
3932.38,6375.82,1.294,um,Spot,Position,1,683,
3951.8,6385.3,1.294,um,Spot,Position,1,684,
3939.03,6388.28,1.294,um,Spot,Position,1,685,
3977.76,6389.95,1.294,um,Spot,Position,1,686,
3926.72,6394.14,1.294,um,Spot,Position,1,687,
3904.49,6397.22,1.294,um,Spot,Position,1,688,
3971.73,6399.85,1.294,um,Spot,Position,1,689,
3917.81,6401.92,1.294,um,Spot,Position,1,690,
3946.04,6403.58,1.294,um,Spot,Position,1,691,
3939.66,6411.28,1.294,um,Spot,Position,1,692,
3972.03,6336.74,5.48197,um,Spot,Position,1,693,
3952.62,6353.34,5.0324,um,Spot,Position,1,694,
3970.34,6359.13,3.93029,um,Spot,Position,1,695,
3956.29,6364.74,4.09337,um,Spot,Position,1,696,
3909.26,6365.48,5.66867,um,Spot,Position,1,697,
3920.6,6369.47,3.2795,um,Spot,Position,1,698,
3948.98,6370.28,3.31766,um,Spot,Position,1,699,
3963.1,6375.87,3.62758,um,Spot,Position,1,700,
3941.58,6377.55,5.39053,um,Spot,Position,1,701,
3906.98,6379.53,4.61007,um,Spot,Position,1,702,
3971.91,6380.84,3.03142,um,Spot,Position,1,703,
3946.2,6387.47,3.62435,um,Spot,Position,1,704,
3962.45,6391.58,5.37724,um,Spot,Position,1,705,
3954.8,6393.25,5.30821,um,Spot,Position,1,706,
3948.07,6395.93,4.43073,um,Spot,Position,1,707,
3935.94,6398.89,4.51537,um,Spot,Position,1,708,
3961.51,6399.84,4.21648,um,Spot,Position,1,709,
3927.72,6403.34,4.2607,um,Spot,Position,1,710,
3965.51,6408.2,3.24876,um,Spot,Position,1,711,
3977.96,6411.23,4.5551,um,Spot,Position,1,712,
3964.66,6335.91,7.38227,um,Spot,Position,1,713,
3910.63,6338.42,8.4179,um,Spot,Position,1,714,
3922.21,6344.24,7.06408,um,Spot,Position,1,715,
3956.83,6348.47,6.83195,um,Spot,Position,1,716,
3950.03,6359.2,6.54002,um,Spot,Position,1,717,
3935.26,6360.67,6.79685,um,Spot,Position,1,718,
3975.3,6366.5,7.46106,um,Spot,Position,1,719,
3905.92,6383.25,6.89539,um,Spot,Position,1,720,
3921.44,6391.1,7.29972,um,Spot,Position,1,721,
4026.27,6329.79,1.294,um,Spot,Position,1,722,
3990.79,6338.2,1.294,um,Spot,Position,1,723,
4049.57,6339.57,1.294,um,Spot,Position,1,724,
4008.66,6344.65,1.294,um,Spot,Position,1,725,
4023.27,6346.9,1.294,um,Spot,Position,1,726,
4042.24,6346.62,2.45942,um,Spot,Position,1,727,
4009.9,6356.15,1.294,um,Spot,Position,1,728,
4059.33,6356.29,1.294,um,Spot,Position,1,729,
4012.18,6362,1.294,um,Spot,Position,1,730,
4062.07,6364.1,1.294,um,Spot,Position,1,731,
4000.23,6365.76,1.294,um,Spot,Position,1,732,
4020.33,6370.81,1.294,um,Spot,Position,1,733,
3993.33,6375.04,1.294,um,Spot,Position,1,734,
3999.41,6378.53,1.294,um,Spot,Position,1,735,
4057.26,6379.82,1.294,um,Spot,Position,1,736,
4034.71,6383.36,1.294,um,Spot,Position,1,737,
4010.87,6384.3,1.294,um,Spot,Position,1,738,
3987.5,6397.68,1.294,um,Spot,Position,1,739,
4008.35,6397.87,1.294,um,Spot,Position,1,740,
4028.76,6398.53,1.294,um,Spot,Position,1,741,
4018.08,6407.79,1.294,um,Spot,Position,1,742,
3991.79,6409.75,1.294,um,Spot,Position,1,743,
4001.79,6339.19,3.02148,um,Spot,Position,1,744,
3995.62,6349.86,3.14233,um,Spot,Position,1,746,
4049.44,6354.61,4.05814,um,Spot,Position,1,747,
4040.96,6368.13,4.35589,um,Spot,Position,1,748,
4062.33,6378.46,6.12151,um,Spot,Position,1,749,
4007.73,6392.2,4.24564,um,Spot,Position,1,750,
4021.5,6396.52,5.03419,um,Spot,Position,1,751,
3980.88,6399.99,5.58065,um,Spot,Position,1,752,
4044.87,6400.95,3.44271,um,Spot,Position,1,753,
4038.43,6402.57,5.31414,um,Spot,Position,1,754,
4048.54,6409.81,3.59768,um,Spot,Position,1,755,
4010.55,6331.67,10.0986,um,Spot,Position,1,756,
3987.77,6351.78,7.2464,um,Spot,Position,1,757,
4053.63,6363.64,6.46951,um,Spot,Position,1,758,
4024.73,6383.44,6.82856,um,Spot,Position,1,759,
4047.47,6394.55,7.16093,um,Spot,Position,1,760,
4052.96,6397.96,7.07907,um,Spot,Position,1,761,
4007.7,6410.38,6.60524,um,Spot,Position,1,762,
4100.88,6332.56,1.294,um,Spot,Position,1,764,
4127.5,6339.43,1.294,um,Spot,Position,1,765,
4092.86,6341.98,1.294,um,Spot,Position,1,766,
4063.41,6346.37,1.294,um,Spot,Position,1,767,
4138.64,6355.54,1.294,um,Spot,Position,1,768,
4101.22,6366.36,1.294,um,Spot,Position,1,769,
4141.61,6367.01,1.294,um,Spot,Position,1,770,
4128.79,6368.73,1.294,um,Spot,Position,1,771,
4118.11,6369.48,1.294,um,Spot,Position,1,772,
4134.54,6373.01,1.294,um,Spot,Position,1,773,
4112.67,6378.48,1.294,um,Spot,Position,1,774,
4088.7,6381.6,1.294,um,Spot,Position,1,775,
4107.22,6381.92,1.294,um,Spot,Position,1,776,
4073.86,6393.7,1.294,um,Spot,Position,1,777,
4083.88,6394.27,1.294,um,Spot,Position,1,778,
4122.75,6396.19,1.294,um,Spot,Position,1,779,
4120.54,6404.57,1.294,um,Spot,Position,1,780,
4145.58,6329.76,3.4364,um,Spot,Position,1,781,
4121.92,6341.93,4.88282,um,Spot,Position,1,782,
4090.44,6357.88,5.01768,um,Spot,Position,1,783,
4074.63,6378.75,3.16961,um,Spot,Position,1,784,
4108.15,6403.53,3.84666,um,Spot,Position,1,785,
4133.41,6406.33,3.5108,um,Spot,Position,1,786,
4098.69,6407.66,3.84063,um,Spot,Position,1,787,
4131.95,6342.89,7.28361,um,Spot,Position,1,788,
4130.23,6348.07,7.42761,um,Spot,Position,1,789,
4081.9,6379.89,6.68885,um,Spot,Position,1,790,
4094.37,6394.98,7.51065,um,Spot,Position,1,791,
4090.27,6395.92,7.2565,um,Spot,Position,1,792,
4137.64,6400.55,8.2364,um,Spot,Position,1,793,
4194.92,6337.89,2.96459,um,Spot,Position,1,794,
4172.35,6358.91,1.294,um,Spot,Position,1,795,
4152.27,6369.47,1.294,um,Spot,Position,1,796,
4178.07,6393.51,1.294,um,Spot,Position,1,797,
4187.08,6395.67,1.294,um,Spot,Position,1,798,
4148.38,6402.83,1.294,um,Spot,Position,1,799,
4177.48,6329.19,5.92438,um,Spot,Position,1,800,
4161.32,6341.21,4.21154,um,Spot,Position,1,802,
4210.26,6342.91,6.05842,um,Spot,Position,1,803,
4183.15,6343.31,5.07732,um,Spot,Position,1,804,
4224.58,6346.01,5.67126,um,Spot,Position,1,805,
4148.72,6349.64,4.29885,um,Spot,Position,1,806,
4163.05,6349.84,4.2079,um,Spot,Position,1,807,
4206.99,6358.63,6.25719,um,Spot,Position,1,808,
4189.85,6364.39,6.2777,um,Spot,Position,1,809,
4205.21,6374.44,5.61484,um,Spot,Position,1,810,
4207.38,6396.51,5.66592,um,Spot,Position,1,811,
4227.74,6407.22,5.77121,um,Spot,Position,1,812,
4205.26,6334.29,8.13544,um,Spot,Position,1,813,
4148.56,6346.15,7.04819,um,Spot,Position,1,814,
4193.86,6375.5,7.13378,um,Spot,Position,1,815,
4152.11,6401.44,6.8173,um,Spot,Position,1,816,
4233.49,6331.86,5.65465,um,Spot,Position,1,817,
4275.48,6336.88,5.77023,um,Spot,Position,1,818,
4306.43,6336.82,5.84092,um,Spot,Position,1,819,
4305.88,6345.47,5.75872,um,Spot,Position,1,820,
4249.06,6348.48,5.76295,um,Spot,Position,1,821,
4232.88,6351.54,5.74393,um,Spot,Position,1,822,
4270.4,6352.24,5.91992,um,Spot,Position,1,823,
4249.91,6355.79,5.61123,um,Spot,Position,1,825,
4261.22,6359.55,5.7043,um,Spot,Position,1,826,
4312.38,6360.6,5.60381,um,Spot,Position,1,827,
4286.02,6362.51,5.70743,um,Spot,Position,1,828,
4244.38,6366.43,5.62855,um,Spot,Position,1,829,
4294.48,6370.34,6.35866,um,Spot,Position,1,830,
4250.71,6383.52,6.16805,um,Spot,Position,1,831,
4257.4,6383.46,5.87592,um,Spot,Position,1,832,
4305.4,6388.42,5.64463,um,Spot,Position,1,833,
4251.56,6408.07,6.00056,um,Spot,Position,1,834,
4278.39,6409.48,5.47305,um,Spot,Position,1,835,
4265.63,6332.32,6.99966,um,Spot,Position,1,836,
4288.69,6332.72,8.43027,um,Spot,Position,1,837,
4278.82,6396.12,8.61959,um,Spot,Position,1,838,
4238.42,6401.8,8.42059,um,Spot,Position,1,839,
4358.92,6328.51,5.47439,um,Spot,Position,1,840,
4335.68,6351.13,6.00809,um,Spot,Position,1,841,
4343.98,6352.92,5.43655,um,Spot,Position,1,842,
4328.07,6332.03,7.89391,um,Spot,Position,1,843,
1397.88,6445.62,1.294,um,Spot,Position,1,845,
1377.99,6414.1,3.84403,um,Spot,Position,1,846,
1368.05,6419.73,4.67389,um,Spot,Position,1,847,
1481.46,6423.4,1.294,um,Spot,Position,1,848,
1435.37,6434.88,5.56665,um,Spot,Position,1,849,
1453.77,6447.19,4.00883,um,Spot,Position,1,850,
1481.98,6459.56,5.01667,um,Spot,Position,1,851,
1481.97,6430.67,7.28033,um,Spot,Position,1,852,
1477.61,6469.78,7.42083,um,Spot,Position,1,854,
1538.46,6460.59,1.294,um,Spot,Position,1,855,
1495.86,6476.84,1.294,um,Spot,Position,1,856,
1501.2,6485.76,1.294,um,Spot,Position,1,857,
1545.41,6486.9,1.294,um,Spot,Position,1,858,
1518.85,6411.45,3.98543,um,Spot,Position,1,859,
1554.15,6424.95,5.07553,um,Spot,Position,1,860,
1565.83,6435.99,6.35986,um,Spot,Position,1,861,
1537.31,6446.11,4.68216,um,Spot,Position,1,862,
1501.81,6447.02,5.58132,um,Spot,Position,1,863,
1525.68,6429.43,7.2712,um,Spot,Position,1,864,
1498.2,6458.2,6.96527,um,Spot,Position,1,865,
1573.37,6473.8,1.294,um,Spot,Position,1,866,
1621.1,6481.7,1.294,um,Spot,Position,1,867,
1633.98,6481.96,1.294,um,Spot,Position,1,868,
1617.78,6419.24,5.84232,um,Spot,Position,1,869,
1592.93,6459.41,3.7262,um,Spot,Position,1,870,
1635.87,6469.84,6.27404,um,Spot,Position,1,871,
1627.89,6421.82,6.82224,um,Spot,Position,1,872,
1638.76,6456.01,7.34748,um,Spot,Position,1,873,
1641.41,6463.18,7.29953,um,Spot,Position,1,874,
1648.77,6470.77,7.18248,um,Spot,Position,1,875,
1591.75,6472.31,7.51772,um,Spot,Position,1,876,
1605.45,6477.16,7.28176,um,Spot,Position,1,877,
1582.05,6488.24,7.15701,um,Spot,Position,1,878,
1651.85,6424.76,1.294,um,Spot,Position,1,879,
1690.83,6434.79,1.294,um,Spot,Position,1,880,
1699.2,6460.71,1.294,um,Spot,Position,1,881,
1721.46,6463.85,1.294,um,Spot,Position,1,882,
1730.94,6464.14,1.294,um,Spot,Position,1,883,
1710.89,6465.89,1.294,um,Spot,Position,1,884,
1689.13,6470.64,1.294,um,Spot,Position,1,885,
1728.94,6447.91,4.89317,um,Spot,Position,1,886,
1710.4,6455.71,3.68111,um,Spot,Position,1,887,
1686.67,6460.02,3.5934,um,Spot,Position,1,888,
1674.74,6473.59,3.05891,um,Spot,Position,1,889,
1662.82,6414.49,7.18527,um,Spot,Position,1,890,
1702.04,6415.43,6.86572,um,Spot,Position,1,891,
1727.56,6424.03,7.21362,um,Spot,Position,1,892,
1717.64,6441.3,6.54603,um,Spot,Position,1,893,
1730.24,6453.95,7.04267,um,Spot,Position,1,894,
1680.29,6454.63,7.17031,um,Spot,Position,1,895,
1693.08,6464.93,6.63713,um,Spot,Position,1,896,
1786.34,6463.35,1.294,um,Spot,Position,1,897,
1804.68,6465.15,1.294,um,Spot,Position,1,898,
1770.62,6471.42,1.294,um,Spot,Position,1,899,
1767.49,6480.09,1.294,um,Spot,Position,1,900,
1814.59,6482.1,1.294,um,Spot,Position,1,901,
1811.64,6490.35,1.294,um,Spot,Position,1,902,
1763.94,6415.5,3.90604,um,Spot,Position,1,903,
1802.87,6416.93,3.46067,um,Spot,Position,1,904,
1736.98,6425.78,5.83801,um,Spot,Position,1,905,
1794.43,6425.88,3.84871,um,Spot,Position,1,906,
1752.31,6426.02,5.71829,um,Spot,Position,1,907,
1805.22,6427.79,3.52441,um,Spot,Position,1,908,
1735.54,6436.83,6.11034,um,Spot,Position,1,909,
1763.05,6436.99,5.82275,um,Spot,Position,1,910,
1748.05,6452.85,5.28988,um,Spot,Position,1,911,
1811.05,6460.38,3.57771,um,Spot,Position,1,912,
1760.42,6466.61,5.64404,um,Spot,Position,1,913,
1746.59,6467.23,5.21034,um,Spot,Position,1,914,
1772.32,6432.74,6.94023,um,Spot,Position,1,915,
1754.4,6441.83,6.86081,um,Spot,Position,1,916,
1740.47,6446.8,6.60507,um,Spot,Position,1,917,
1773.79,6448.85,7.09361,um,Spot,Position,1,918,
1739.69,6461.05,6.78095,um,Spot,Position,1,919,
1845.13,6420.24,1.294,um,Spot,Position,1,920,
1835.12,6433.97,1.294,um,Spot,Position,1,921,
1850.72,6435.52,1.294,um,Spot,Position,1,922,
1887.46,6436.25,1.294,um,Spot,Position,1,923,
1872.51,6441.79,1.294,um,Spot,Position,1,924,
1852.22,6446.06,1.294,um,Spot,Position,1,925,
1880.92,6456.79,1.294,um,Spot,Position,1,926,
1830.33,6466.76,1.294,um,Spot,Position,1,927,
1882.56,6484.06,1.294,um,Spot,Position,1,928,
1896.52,6487.19,1.294,um,Spot,Position,1,929,
1828.79,6490.99,1.294,um,Spot,Position,1,930,
1851.27,6492.25,1.294,um,Spot,Position,1,931,
1880.77,6493.33,1.294,um,Spot,Position,1,932,
1896.17,6461.89,5.60146,um,Spot,Position,1,933,
1819.47,6476.41,5.90914,um,Spot,Position,1,934,
1860.56,6477.16,4.73383,um,Spot,Position,1,935,
1830.26,6479.64,3.16031,um,Spot,Position,1,936,
1874.97,6488.65,5.74417,um,Spot,Position,1,937,
1891.55,6413.05,6.58797,um,Spot,Position,1,938,
1891.87,6468.36,6.49465,um,Spot,Position,1,939,
1945.11,6411.8,1.294,um,Spot,Position,1,940,
1972.54,6411.79,1.294,um,Spot,Position,1,941,
1923.79,6415.42,1.294,um,Spot,Position,1,942,
1944.27,6424.31,1.294,um,Spot,Position,1,943,
1957.3,6427.66,1.294,um,Spot,Position,1,944,
1908.03,6430.12,1.294,um,Spot,Position,1,945,
1902.4,6430.65,1.294,um,Spot,Position,1,946,
1910.2,6441.25,1.294,um,Spot,Position,1,947,
1918.69,6455.84,1.294,um,Spot,Position,1,948,
1972.19,6461.85,1.294,um,Spot,Position,1,949,
1927.16,6462.83,1.294,um,Spot,Position,1,950,
1947.27,6481.64,1.294,um,Spot,Position,1,951,
1934.25,6487.3,1.294,um,Spot,Position,1,952,
1943.57,6490.78,1.294,um,Spot,Position,1,953,
1923.95,6493.57,1.294,um,Spot,Position,1,954,
1955.05,6413.62,3.49781,um,Spot,Position,1,955,
1939.85,6417.47,3.19841,um,Spot,Position,1,956,
1978.65,6428.56,4.69365,um,Spot,Position,1,957,
1970.12,6473.09,3.58596,um,Spot,Position,1,958,
1936.59,6473.97,4.65155,um,Spot,Position,1,959,
1962.51,6477.8,4.87116,um,Spot,Position,1,960,
1905.56,6478.21,5.06218,um,Spot,Position,1,961,
1961.7,6487.53,3.53652,um,Spot,Position,1,962,
1977.32,6491.59,3.71841,um,Spot,Position,1,963,
1913.95,6417.23,7.30304,um,Spot,Position,1,964,
2019.47,6411.59,1.294,um,Spot,Position,1,965,
2033.41,6429.15,1.294,um,Spot,Position,1,966,
2019.3,6457.47,1.294,um,Spot,Position,1,968,
2037.9,6489.82,1.294,um,Spot,Position,1,969,
2063.41,6493.1,1.294,um,Spot,Position,1,970,
1988.16,6493.76,1.294,um,Spot,Position,1,971,
1997.4,6448.44,3.42344,um,Spot,Position,1,972,
2002.36,6453.14,5.58861,um,Spot,Position,1,973,
2030.94,6477.85,6.00478,um,Spot,Position,1,974,
2002.07,6492.54,4.43949,um,Spot,Position,1,975,
2059.77,6412.35,7.17351,um,Spot,Position,1,976,
2019.65,6448.18,6.94691,um,Spot,Position,1,977,
2040.81,6471.02,6.73405,um,Spot,Position,1,978,
2007.04,6483.43,7.00717,um,Spot,Position,1,980,
2069.69,6412.22,1.294,um,Spot,Position,1,981,
2086.66,6420.01,1.294,um,Spot,Position,1,982,
2116.76,6429.66,1.294,um,Spot,Position,1,983,
2099.69,6430.56,1.294,um,Spot,Position,1,984,
2080.5,6439.45,2.22671,um,Spot,Position,1,985,
2134.99,6449.57,1.294,um,Spot,Position,1,986,
2147.55,6451.14,1.294,um,Spot,Position,1,987,
2125.3,6455.48,1.294,um,Spot,Position,1,988,
2125.08,6460.43,1.294,um,Spot,Position,1,989,
2113.76,6461.18,1.294,um,Spot,Position,1,990,
2107.36,6466.86,1.294,um,Spot,Position,1,991,
2079.31,6468.48,1.294,um,Spot,Position,1,992,
2097,6474.67,1.294,um,Spot,Position,1,993,
2135.56,6483.98,1.294,um,Spot,Position,1,994,
2075.99,6487.41,1.294,um,Spot,Position,1,995,
2131.52,6467.37,5.04814,um,Spot,Position,1,997,
2079.67,6420.11,6.94521,um,Spot,Position,1,998,
2141.07,6420.31,7.62192,um,Spot,Position,1,999,
2096.85,6458.17,6.75588,um,Spot,Position,1,1000,
2074.38,6461.28,7.25855,um,Spot,Position,1,1001,
2092.25,6487.97,7.30709,um,Spot,Position,1,1002,
2201.8,6479.04,1.294,um,Spot,Position,1,1003,
2204.15,6486.55,1.294,um,Spot,Position,1,1004,
2226.09,6490.46,1.294,um,Spot,Position,1,1005,
2194.04,6433.92,4.72978,um,Spot,Position,1,1006,
2165.67,6448.26,5.35919,um,Spot,Position,1,1007,
2169.89,6484.76,3.29865,um,Spot,Position,1,1008,
2184.47,6434.39,7.06492,um,Spot,Position,1,1009,
2217.86,6438.31,7.10186,um,Spot,Position,1,1010,
2231.06,6447.87,6.83961,um,Spot,Position,1,1011,
2217.27,6462.44,7.32553,um,Spot,Position,1,1012,
2185.36,6468.29,7.242,um,Spot,Position,1,1013,
2208.59,6474.44,7.01578,um,Spot,Position,1,1014,
2176.05,6489.81,7.35018,um,Spot,Position,1,1015,
2163.1,6491.78,7.2747,um,Spot,Position,1,1016,
2249.07,6490,1.294,um,Spot,Position,1,1017,
2311.33,6490.03,1.294,um,Spot,Position,1,1018,
2287.37,6449.3,5.68438,um,Spot,Position,1,1019,
2255.83,6489.19,5.86324,um,Spot,Position,1,1020,
2248.23,6428.76,7.22892,um,Spot,Position,1,1021,
2252.67,6433.11,7.37668,um,Spot,Position,1,1022,
2282.95,6471.67,7.01985,um,Spot,Position,1,1023,
2306.26,6476.25,6.74346,um,Spot,Position,1,1024,
2377.62,6451.12,1.294,um,Spot,Position,1,1025,
2356.55,6472.22,1.294,um,Spot,Position,1,1026,
2382.1,6417.95,5.90907,um,Spot,Position,1,1027,
2372.7,6456.02,6.06184,um,Spot,Position,1,1028,
2339.44,6460.65,5.28708,um,Spot,Position,1,1029,
2363.16,6472.18,4.32468,um,Spot,Position,1,1030,
2357.99,6423.2,7.10027,um,Spot,Position,1,1031,
2363.68,6437.85,6.99696,um,Spot,Position,1,1032,
2319.98,6455.4,6.92843,um,Spot,Position,1,1033,
2327.34,6459.05,6.70842,um,Spot,Position,1,1034,
2321.46,6473.55,6.74704,um,Spot,Position,1,1035,
2418.55,6427.36,1.294,um,Spot,Position,1,1036,
2458.47,6435.65,1.294,um,Spot,Position,1,1037,
2478.2,6456.84,1.294,um,Spot,Position,1,1038,
2435.16,6469.32,1.294,um,Spot,Position,1,1039,
2422.15,6481.54,1.294,um,Spot,Position,1,1040,
2451.19,6419.03,3.72643,um,Spot,Position,1,1041,
2463.01,6422.19,4.69058,um,Spot,Position,1,1042,
2402.03,6453.77,3.56033,um,Spot,Position,1,1043,
2429.59,6458.66,3.85127,um,Spot,Position,1,1044,
2412,6466.85,3.81868,um,Spot,Position,1,1045,
2533.81,6441.61,1.294,um,Spot,Position,1,1046,
2516.37,6493.4,1.294,um,Spot,Position,1,1047,
2488.27,6418.71,5.28961,um,Spot,Position,1,1048,
2530.94,6426.82,5.67533,um,Spot,Position,1,1049,
2500.83,6444.98,4.33503,um,Spot,Position,1,1050,
2540.54,6472.97,4.96467,um,Spot,Position,1,1051,
2512.74,6436.22,6.5591,um,Spot,Position,1,1053,
2505.5,6474.24,6.80787,um,Spot,Position,1,1054,
2642.17,6471.02,1.294,um,Spot,Position,1,1055,
2601.89,6481.79,1.294,um,Spot,Position,1,1056,
2611.9,6422.4,3.55674,um,Spot,Position,1,1057,
2577.94,6478.1,5.14822,um,Spot,Position,1,1058,
2605.82,6421.07,7.20442,um,Spot,Position,1,1059,
2595.93,6425.27,7.05741,um,Spot,Position,1,1060,
2577.48,6438.08,6.78403,um,Spot,Position,1,1061,
2567.06,6450.86,7.06968,um,Spot,Position,1,1062,
2629.76,6451.83,7.093,um,Spot,Position,1,1063,
2571.49,6458.08,7.0091,um,Spot,Position,1,1064,
2582.18,6467.46,7.14134,um,Spot,Position,1,1065,
2714.46,6447.21,1.294,um,Spot,Position,1,1066,
2676.01,6461.51,1.294,um,Spot,Position,1,1067,
2684.59,6444.17,5.62847,um,Spot,Position,1,1068,
2706.99,6412.33,7.08151,um,Spot,Position,1,1069,
2677.24,6413.2,6.97501,um,Spot,Position,1,1070,
2713.29,6429.55,6.74352,um,Spot,Position,1,1071,
2652.97,6431.77,6.82488,um,Spot,Position,1,1072,
2784.1,6411.52,1.294,um,Spot,Position,1,1073,
2757.33,6421.94,7.1424,um,Spot,Position,1,1074,
3329.59,6440.8,1.294,um,Spot,Position,1,1075,
3380.63,6452.46,1.294,um,Spot,Position,1,1076,
3384.6,6459.79,1.294,um,Spot,Position,1,1077,
3374.44,6473.36,1.294,um,Spot,Position,1,1078,
3338.59,6419.13,4.69663,um,Spot,Position,1,1079,
3359.84,6423.05,5.00705,um,Spot,Position,1,1080,
3380.18,6428.79,3.85284,um,Spot,Position,1,1081,
3337.32,6444.83,5.07857,um,Spot,Position,1,1082,
3387.47,6413.95,7.21554,um,Spot,Position,1,1083,
3350.58,6420.39,7.31851,um,Spot,Position,1,1084,
3371.99,6421.97,7.00416,um,Spot,Position,1,1085,
3327.62,6430.57,7.45669,um,Spot,Position,1,1086,
3349.48,6442.06,6.98442,um,Spot,Position,1,1087,
3357.64,6459.81,7.1981,um,Spot,Position,1,1088,
3368.87,6463.19,6.66923,um,Spot,Position,1,1089,
3396.29,6470.86,6.91978,um,Spot,Position,1,1090,
3451.91,6412.56,1.294,um,Spot,Position,1,1091,
3424.32,6424.65,1.294,um,Spot,Position,1,1092,
3470.44,6444.72,1.294,um,Spot,Position,1,1093,
3410.46,6452.86,1.294,um,Spot,Position,1,1094,
3465.4,6457.33,1.294,um,Spot,Position,1,1095,
3445.33,6412,3.56874,um,Spot,Position,1,1096,
3421.83,6429.79,3.70235,um,Spot,Position,1,1097,
3459.79,6432.67,4.20774,um,Spot,Position,1,1098,
3433.56,6435.13,6.15755,um,Spot,Position,1,1099,
3428.69,6447.97,4.79901,um,Spot,Position,1,1100,
3404.79,6451.67,3.19269,um,Spot,Position,1,1101,
3447.05,6453.81,4.28802,um,Spot,Position,1,1102,
3432.34,6463.75,5.82063,um,Spot,Position,1,1103,
3462.34,6494.44,6.22146,um,Spot,Position,1,1104,
3468.51,6423.45,7.03868,um,Spot,Position,1,1105,
3406.05,6435.69,6.65331,um,Spot,Position,1,1106,
3399.41,6481.11,6.72862,um,Spot,Position,1,1108,
3474.45,6489.18,6.8376,um,Spot,Position,1,1109,
3418.29,6490.96,7.06852,um,Spot,Position,1,1110,
3443.6,6492.1,6.87399,um,Spot,Position,1,1111,
3535.2,6434.39,1.294,um,Spot,Position,1,1112,
3556.81,6452.63,1.294,um,Spot,Position,1,1113,
3511.03,6455.26,1.294,um,Spot,Position,1,1114,
3484.39,6455.82,1.294,um,Spot,Position,1,1115,
3540.74,6457.97,1.294,um,Spot,Position,1,1116,
3563.63,6464.9,1.294,um,Spot,Position,1,1117,
3542.56,6471.28,1.294,um,Spot,Position,1,1118,
3557.23,6473.55,1.294,um,Spot,Position,1,1119,
3562.96,6490.65,1.294,um,Spot,Position,1,1120,
3563.49,6413.15,3.65012,um,Spot,Position,1,1121,
3539.26,6417.81,5.1287,um,Spot,Position,1,1122,
3560.23,6434.47,5.77829,um,Spot,Position,1,1123,
3503.76,6441.33,3.59708,um,Spot,Position,1,1124,
3489.64,6443.94,3.75568,um,Spot,Position,1,1125,
3498.59,6447.67,5.56666,um,Spot,Position,1,1126,
3498.29,6463.09,5.14997,um,Spot,Position,1,1127,
3512.72,6472.63,4.47543,um,Spot,Position,1,1128,
3491.22,6475.75,4.86022,um,Spot,Position,1,1129,
3502.59,6481.21,3.16834,um,Spot,Position,1,1130,
3481.16,6483.96,4.87978,um,Spot,Position,1,1131,
3501.56,6418.15,6.77651,um,Spot,Position,1,1132,
3521.32,6420.31,7.03981,um,Spot,Position,1,1133,
3513.94,6461.23,7.39032,um,Spot,Position,1,1134,
3638.07,6418.11,1.294,um,Spot,Position,1,1135,
3605.26,6430.22,1.294,um,Spot,Position,1,1136,
3573.96,6434.94,1.294,um,Spot,Position,1,1137,
3628.45,6440.03,1.294,um,Spot,Position,1,1138,
3622.11,6443.61,1.294,um,Spot,Position,1,1139,
3570.61,6452.22,1.294,um,Spot,Position,1,1140,
3612.05,6477.89,1.294,um,Spot,Position,1,1141,
3605.67,6481.78,1.294,um,Spot,Position,1,1142,
3577.35,6443.93,3.87871,um,Spot,Position,1,1143,
3599.02,6444.7,4.2199,um,Spot,Position,1,1144,
3639.48,6456.58,3.84086,um,Spot,Position,1,1145,
3581.01,6462.92,6.00888,um,Spot,Position,1,1146,
3617.24,6462.91,4.91933,um,Spot,Position,1,1147,
3723.92,6420.78,1.294,um,Spot,Position,1,1148,
3726.96,6424.59,1.294,um,Spot,Position,1,1149,
3699.49,6433.62,1.294,um,Spot,Position,1,1150,
3720.78,6438.95,1.294,um,Spot,Position,1,1151,
3673.21,6445.75,1.294,um,Spot,Position,1,1152,
3700.92,6453.02,1.294,um,Spot,Position,1,1153,
3688.27,6460.42,1.294,um,Spot,Position,1,1154,
3650.48,6477.21,1.294,um,Spot,Position,1,1155,
3649.04,6486.57,1.294,um,Spot,Position,1,1156,
3671.81,6412.69,3.63804,um,Spot,Position,1,1157,
3701.62,6424.71,3.87515,um,Spot,Position,1,1158,
3654.62,6429.53,3.1411,um,Spot,Position,1,1159,
3685.32,6462.93,3.50526,um,Spot,Position,1,1160,
3675.27,6466.17,3.55627,um,Spot,Position,1,1161,
3660.3,6475.2,3.84201,um,Spot,Position,1,1162,
3666.83,6430.49,6.66792,um,Spot,Position,1,1163,
3793.6,6411.46,1.294,um,Spot,Position,1,1164,
3784.2,6411.83,1.294,um,Spot,Position,1,1165,
3799.25,6412.68,1.294,um,Spot,Position,1,1166,
3778.77,6416.67,1.294,um,Spot,Position,1,1167,
3795.95,6420.15,1.294,um,Spot,Position,1,1168,
3770.34,6416.18,3.78097,um,Spot,Position,1,1169,
3732.88,6417.62,5.22894,um,Spot,Position,1,1170,
3740.62,6418.91,3.75316,um,Spot,Position,1,1171,
3755,6418.26,7.06748,um,Spot,Position,1,1172,
3828.46,6419.41,3.67561,um,Spot,Position,1,1173,
3930.38,6414.51,1.294,um,Spot,Position,1,1174,
3950.59,6415.66,1.294,um,Spot,Position,1,1175,
3964.5,6417.42,1.294,um,Spot,Position,1,1176,
3975.03,6427.88,1.294,um,Spot,Position,1,1177,
4032.9,6412.9,1.294,um,Spot,Position,1,1178,
4011.73,6421.96,1.294,um,Spot,Position,1,1179,
3983.94,6432.42,1.294,um,Spot,Position,1,1180,
4054.19,6435.28,1.294,um,Spot,Position,1,1181,
4037.5,6437.46,1.294,um,Spot,Position,1,1182,
4008.71,6417.32,4.21536,um,Spot,Position,1,1183,
4018.13,6417.44,4.11529,um,Spot,Position,1,1184,
4054.82,6422.59,5.52036,um,Spot,Position,1,1185,
4044.96,6423.34,3.7291,um,Spot,Position,1,1186,
3981.79,6424.62,3.16938,um,Spot,Position,1,1187,
4061.27,6428.27,4.38071,um,Spot,Position,1,1188,
4012.51,6434.08,3.40329,um,Spot,Position,1,1189,
4002.84,6435,3.36867,um,Spot,Position,1,1190,
4022.72,6439.69,4.8954,um,Spot,Position,1,1191,
4079.74,6414.03,1.294,um,Spot,Position,1,1192,
4122.42,6415.08,1.294,um,Spot,Position,1,1193,
4138.26,6416.55,1.294,um,Spot,Position,1,1194,
4131.99,6418.13,1.294,um,Spot,Position,1,1195,
4135.61,6436.53,1.294,um,Spot,Position,1,1196,
4109.43,6453.96,1.294,um,Spot,Position,1,1197,
4097.24,6457.76,1.294,um,Spot,Position,1,1198,
4067.58,6420.42,5.196,um,Spot,Position,1,1199,
4122.03,6426.45,6.29813,um,Spot,Position,1,1200,
4069.1,6434.03,4.14733,um,Spot,Position,1,1201,
4122.12,6442.54,4.47546,um,Spot,Position,1,1202,
4127.13,6442.69,3.73998,um,Spot,Position,1,1203,
4081.68,6443.85,3.496,um,Spot,Position,1,1204,
4096.85,6423.37,6.8232,um,Spot,Position,1,1205,
4142.83,6429.1,6.77463,um,Spot,Position,1,1206,
4090.75,6444.92,6.89653,um,Spot,Position,1,1207,
4116.19,6445.8,6.61087,um,Spot,Position,1,1208,
4179.37,6411.44,1.294,um,Spot,Position,1,1209,
4167.78,6417.14,2.48595,um,Spot,Position,1,1210,
4194.53,6422.1,1.294,um,Spot,Position,1,1211,
4189.66,6431.78,1.294,um,Spot,Position,1,1212,
4150.98,6432.89,1.294,um,Spot,Position,1,1213,
4210.87,6411.69,5.66673,um,Spot,Position,1,1214,
4225.38,6423.13,5.47743,um,Spot,Position,1,1216,
4159.18,6425.44,4.28548,um,Spot,Position,1,1217,
4220.28,6425.81,5.53807,um,Spot,Position,1,1218,
4164.57,6428.16,4.76822,um,Spot,Position,1,1219,
1855.41,6497.41,1.294,um,Spot,Position,1,1220,
1868.29,6507.22,1.294,um,Spot,Position,1,1221,
1879.71,6508.91,1.294,um,Spot,Position,1,1222,
1891.27,6499.27,5.77753,um,Spot,Position,1,1223,
1909.49,6499.14,1.294,um,Spot,Position,1,1224,
1969.74,6502.38,1.294,um,Spot,Position,1,1225,
1920.21,6502.8,1.294,um,Spot,Position,1,1226,
1956.25,6507.77,1.294,um,Spot,Position,1,1227,
1920.02,6515.16,1.294,um,Spot,Position,1,1228,
1968.41,6515.81,1.294,um,Spot,Position,1,1229,
1900.4,6498.35,3.12628,um,Spot,Position,1,1230,
1933.06,6499.51,7.22071,um,Spot,Position,1,1231,
2043.5,6499.24,1.294,um,Spot,Position,1,1232,
1993.09,6503.34,1.294,um,Spot,Position,1,1233,
2015.89,6508.86,1.294,um,Spot,Position,1,1234,
1997.9,6507.9,5.00248,um,Spot,Position,1,1235,
2142.47,6495.18,1.294,um,Spot,Position,1,1236,
2110.74,6499.13,1.294,um,Spot,Position,1,1237,
2111.25,6496.77,7.10433,um,Spot,Position,1,1238,
2352.81,6496.22,1.294,um,Spot,Position,1,1239,
2361.44,6498.29,1.294,um,Spot,Position,1,1240,
2458.91,6498.5,1.294,um,Spot,Position,1,1241,
2454.51,6496.75,3.31419,um,Spot,Position,1,1242,
3391.09,6497.98,1.294,um,Spot,Position,1,1243,
3395.79,6508.83,1.294,um,Spot,Position,1,1244,
3443.92,6511.24,1.294,um,Spot,Position,1,1245,
3410.64,6515.65,1.294,um,Spot,Position,1,1246,
3458.56,6517.07,1.294,um,Spot,Position,1,1247,
3478.26,6530.44,1.294,um,Spot,Position,1,1248,
3439.29,6503.85,3.81728,um,Spot,Position,1,1249,
3416.16,6495,6.59322,um,Spot,Position,1,1250,
3420.32,6506.01,6.95117,um,Spot,Position,1,1251,
3495.53,6494.78,1.294,um,Spot,Position,1,1252,
3515.49,6504.06,1.294,um,Spot,Position,1,1253,
3554.39,6517.46,1.294,um,Spot,Position,1,1254,
3500.05,6523.33,1.294,um,Spot,Position,1,1255,
3489.89,6525.94,1.294,um,Spot,Position,1,1256,
3536.84,6500.32,5.74388,um,Spot,Position,1,1257,
3533.85,6511.48,3.68263,um,Spot,Position,1,1258,
3524.84,6516.18,4.27026,um,Spot,Position,1,1259,
3491.99,6521.54,4.066,um,Spot,Position,1,1260,
3524.91,6503.43,7.35153,um,Spot,Position,1,1261,
3564.72,6504.59,1.294,um,Spot,Position,1,1262,
