
Position
 ==================== 
Position X,Position Y,Position Z,Unit,Category,Collection,Time,ID,
4973.8,412.029,0.7,um,Spot,Position,1,26,
3394.24,725.15,0.7,um,Spot,Position,1,164,
3428.46,732.597,0.7,um,Spot,Position,1,180,
3474.66,739.278,0.7,um,Spot,Position,1,184,
3537.27,743.772,0.7,um,Spot,Position,1,196,
3516.97,747.361,0.7,um,Spot,Position,1,199,
4595.69,677.836,0.7,um,Spot,Position,1,251,
993.393,791.073,0.7,um,Spot,Position,1,257,
972.488,823.231,0.7,um,Spot,Position,1,263,
979.851,813.754,3.05062,um,Spot,Position,1,268,
1249,777.061,0.7,um,Spot,Position,1,371,
1248.25,811.288,0.7,um,Spot,Position,1,387,
1265.9,821.526,0.7,um,Spot,Position,1,393,
1428.53,800.545,0.7,um,Spot,Position,1,431,
1475.68,810.423,0.7,um,Spot,Position,1,436,
1472.73,816.405,0.7,um,Spot,Position,1,441,
3134.72,815.937,0.7,um,Spot,Position,1,466,
3237.45,753.413,0.7,um,Spot,Position,1,471,
3163.96,802.58,0.7,um,Spot,Position,1,479,
3398.32,795.196,0.7,um,Spot,Position,1,552,
3344.55,790.522,2.84053,um,Spot,Position,1,579,
3545.99,794.665,1.70177,um,Spot,Position,1,651,
3736.33,805.821,0.7,um,Spot,Position,1,708,
4436.26,812.216,0.7,um,Spot,Position,1,863,
901.518,908.131,1.85144,um,Spot,Position,1,916,
895.466,911.44,5.30044,um,Spot,Position,1,917,
993.723,843.105,0.7,um,Spot,Position,1,923,
968.804,892.425,5.164,um,Spot,Position,1,957,
980.303,909.654,4.59298,um,Spot,Position,1,958,
1002.59,902.243,2.10331,um,Spot,Position,1,983,
1242.6,861.995,3.50883,um,Spot,Position,1,1041,
1493.92,882.405,0.7,um,Spot,Position,1,1120,
1444.3,874.555,3.19721,um,Spot,Position,1,1130,
1496.26,846.549,5.2973,um,Spot,Position,1,1131,
1626.57,846.396,0.7,um,Spot,Position,1,1177,
1622.39,850.22,0.7,um,Spot,Position,1,1179,
1644.43,861.387,0.7,um,Spot,Position,1,1186,
3321.55,848.233,4.57762,um,Spot,Position,1,1307,
3358.79,883.711,0.7,um,Spot,Position,1,1323,
3364.94,891.304,0.7,um,Spot,Position,1,1326,
3356.45,833.469,4.66738,um,Spot,Position,1,1336,
3583.53,858.578,2.51171,um,Spot,Position,1,1391,
349.425,928.526,0.7,um,Spot,Position,1,1486,
388.269,952.055,0.7,um,Spot,Position,1,1497,
448.956,946.636,0.7,um,Spot,Position,1,1507,
436.201,954.971,0.7,um,Spot,Position,1,1510,
523.283,971.517,0.7,um,Spot,Position,1,1539,
535.427,974.352,0.7,um,Spot,Position,1,1542,
542.786,992.614,0.7,um,Spot,Position,1,1552,
603.356,990.153,0.7,um,Spot,Position,1,1564,
776.727,953.047,0.7,um,Spot,Position,1,1591,
859.108,924.044,4.48099,um,Spot,Position,1,1653,
850.163,990.234,4.61579,um,Spot,Position,1,1655,
1091.6,934.223,0.7,um,Spot,Position,1,1749,
1085.77,936.365,0.7,um,Spot,Position,1,1751,
1100.67,925.578,3.47183,um,Spot,Position,1,1762,
1168.14,917.197,0.7,um,Spot,Position,1,1764,
1574.44,975.903,0.7,um,Spot,Position,1,1898,
1618.5,927.269,0.7,um,Spot,Position,1,1909,
2810.18,976.947,0.7,um,Spot,Position,1,2024,
2805.28,982.62,0.7,um,Spot,Position,1,2026,
2839.78,993.185,4.6216,um,Spot,Position,1,2057,
3061.02,971.838,0.7,um,Spot,Position,1,2138,
3010.39,986.237,0.7,um,Spot,Position,1,2144,
3071.51,927.307,1.54765,um,Spot,Position,1,2150,
3443.25,927.679,0.7,um,Spot,Position,1,2217,
3587.46,997.541,0.7,um,Spot,Position,1,2304,
3849.06,991.735,0.7,um,Spot,Position,1,2357,
283.338,1000.26,0.7,um,Spot,Position,1,2392,
283.549,1023.9,0.7,um,Spot,Position,1,2400,
272.826,1025.25,0.7,um,Spot,Position,1,2401,
296.799,1035.95,0.7,um,Spot,Position,1,2406,
408.64,1024.3,0.7,um,Spot,Position,1,2421,
414.858,1059.73,0.7,um,Spot,Position,1,2438,
436.034,1002.39,0.7,um,Spot,Position,1,2449,
421.158,1031.49,0.7,um,Spot,Position,1,2462,
421.503,1081.46,0.7,um,Spot,Position,1,2494,
541.438,1013.6,4.48956,um,Spot,Position,1,2535,
612.654,1030.88,0.7,um,Spot,Position,1,2555,
582.56,1031.49,0.7,um,Spot,Position,1,2556,
703.995,1003.93,0.7,um,Spot,Position,1,2587,
714.206,1048.32,0.7,um,Spot,Position,1,2609,
744.034,1065.17,0.7,um,Spot,Position,1,2617,
821.383,1013.92,0.7,um,Spot,Position,1,2629,
843.914,1017.9,0.7,um,Spot,Position,1,2679,
835.697,1018.97,2.95573,um,Spot,Position,1,2706,
1657.58,1018.39,0.7,um,Spot,Position,1,2719,
1714.9,1037.84,0.7,um,Spot,Position,1,2742,
1700.95,1025.9,3.21862,um,Spot,Position,1,2755,
1899.09,1003.05,0.7,um,Spot,Position,1,2799,
1893.96,1004.5,0.7,um,Spot,Position,1,2802,
1912.71,1007.28,0.7,um,Spot,Position,1,2805,
1835.24,1079.03,0.7,um,Spot,Position,1,2840,
2020.7,1051.9,0.7,um,Spot,Position,1,2882,
2043.63,1058.91,0.7,um,Spot,Position,1,2885,
2062.4,1068.07,0.7,um,Spot,Position,1,2890,
2008.48,1046.59,4.74959,um,Spot,Position,1,2899,
2302.76,1071.55,0.7,um,Spot,Position,1,2914,
2285.44,1072.44,0.7,um,Spot,Position,1,2915,
2362.76,1071.31,0.7,um,Spot,Position,1,2924,
2359.35,1077.35,0.7,um,Spot,Position,1,2929,
2740.37,1013.89,0.7,um,Spot,Position,1,2934,
2734.46,1016.43,0.7,um,Spot,Position,1,2935,
2729.03,1019.26,0.7,um,Spot,Position,1,2936,
2717.6,1079.61,0.7,um,Spot,Position,1,2946,
2723.64,1079.99,0.7,um,Spot,Position,1,2947,
2814.07,999.207,0.7,um,Spot,Position,1,2949,
2747.03,1053.95,3.70988,um,Spot,Position,1,2993,
2805.61,1056.03,2.81616,um,Spot,Position,1,2994,
2881.8,1030.83,0.7,um,Spot,Position,1,3020,
2964.52,1004.54,0.7,um,Spot,Position,1,3059,
2967.98,1032.05,2.74443,um,Spot,Position,1,3095,
2930.54,1021.99,5.42505,um,Spot,Position,1,3096,
3062.7,1049.09,0.7,um,Spot,Position,1,3105,
3044.62,1055.02,0.7,um,Spot,Position,1,3107,
3052.23,1056.62,0.7,um,Spot,Position,1,3108,
3060.55,1065.1,0.7,um,Spot,Position,1,3109,
3022.35,1066.58,0.7,um,Spot,Position,1,3110,
3120.84,1032.71,0.7,um,Spot,Position,1,3133,
3079.29,1013.52,2.86987,um,Spot,Position,1,3150,
3589.29,1006.35,0.7,um,Spot,Position,1,3161,
3636.32,1019,0.7,um,Spot,Position,1,3169,
3755.38,1047.72,0.7,um,Spot,Position,1,3204,
3901.02,1064.35,0.7,um,Spot,Position,1,3241,
3919.41,1062.97,0.7,um,Spot,Position,1,3257,
3940.2,1067.37,0.7,um,Spot,Position,1,3258,
449.188,1094.96,0.7,um,Spot,Position,1,3319,
454.533,1096.8,0.7,um,Spot,Position,1,3320,
529.246,1106.91,0.7,um,Spot,Position,1,3347,
576.292,1127.1,0.7,um,Spot,Position,1,3359,
590.345,1084.58,0.7,um,Spot,Position,1,3361,
583.027,1122.29,0.7,um,Spot,Position,1,3386,
1819.01,1092.62,0.7,um,Spot,Position,1,3434,
1785.83,1094.97,0.7,um,Spot,Position,1,3436,
1825.69,1101.72,0.7,um,Spot,Position,1,3438,
1830.99,1141.66,0.7,um,Spot,Position,1,3477,
1837.81,1152.92,0.7,um,Spot,Position,1,3486,
1874.12,1160.64,0.7,um,Spot,Position,1,3489,
1856.69,1161.46,0.7,um,Spot,Position,1,3490,
1833.98,1121.73,3.37275,um,Spot,Position,1,3492,
1981.27,1102.4,0.7,um,Spot,Position,1,3504,
2081.83,1086.65,0.7,um,Spot,Position,1,3562,
2114.87,1127.11,0.7,um,Spot,Position,1,3588,
2115.5,1099.91,3.10828,um,Spot,Position,1,3602,
2112.28,1132.48,4.63105,um,Spot,Position,1,3603,
2169.59,1089.21,0.7,um,Spot,Position,1,3612,
2196.51,1093.31,0.7,um,Spot,Position,1,3615,
2183.62,1107.13,0.7,um,Spot,Position,1,3627,
2178.01,1107.93,0.7,um,Spot,Position,1,3628,
2373.06,1082.32,0.7,um,Spot,Position,1,3698,
2344.4,1083.45,5.07801,um,Spot,Position,1,3750,
2424.95,1105.38,0.7,um,Spot,Position,1,3776,
2431.31,1119.16,0.7,um,Spot,Position,1,3787,
2709.15,1094.35,3.29738,um,Spot,Position,1,3924,
2708.26,1147.56,3.62434,um,Spot,Position,1,3925,
2737.6,1105.28,4.82096,um,Spot,Position,1,3926,
2693.17,1135.21,4.84361,um,Spot,Position,1,3927,
2711.42,1153.02,4.57454,um,Spot,Position,1,3928,
2802.14,1123.9,3.90089,um,Spot,Position,1,3973,
2848.53,1112.04,0.7,um,Spot,Position,1,3990,
2906.43,1105.62,3.53294,um,Spot,Position,1,4021,
2941.98,1154.84,0.7,um,Spot,Position,1,4060,
2948.73,1086.69,1.75802,um,Spot,Position,1,4063,
3025.73,1087.06,0.7,um,Spot,Position,1,4066,
3000.34,1102.31,0.7,um,Spot,Position,1,4070,
1895.77,1200.65,0.7,um,Spot,Position,1,4095,
1986.78,1245.04,4.3729,um,Spot,Position,1,4142,
2379.48,1225.63,4.7532,um,Spot,Position,1,4345,
2439.75,1170.25,4.32577,um,Spot,Position,1,4371,
2651.71,1208.13,0.7,um,Spot,Position,1,4410,
2639.04,1221.63,0.7,um,Spot,Position,1,4414,
2650.34,1194.75,3.24017,um,Spot,Position,1,4426,
2689.85,1172.77,0.7,um,Spot,Position,1,4428,
2685.49,1193.19,0.7,um,Spot,Position,1,4431,
2695.14,1196.5,0.7,um,Spot,Position,1,4433,
2681.07,1234.43,0.7,um,Spot,Position,1,4455,
2700.44,1177.21,4.67018,um,Spot,Position,1,4468,
2810.95,1232.26,0.7,um,Spot,Position,1,4502,
2766.63,1237.63,0.7,um,Spot,Position,1,4505,
2767.27,1241.51,0.7,um,Spot,Position,1,4507,
2775.19,1241.54,0.7,um,Spot,Position,1,4508,
2880.31,1206.43,0.7,um,Spot,Position,1,4528,
2070.8,1282.21,0.7,um,Spot,Position,1,4586,
2155.56,1298.43,4.87008,um,Spot,Position,1,4637,
2291.47,1274.37,0.7,um,Spot,Position,1,4694,
2269.51,1269.93,3.98202,um,Spot,Position,1,4728,
2274.16,1298.28,2.94792,um,Spot,Position,1,4729,
2247.3,1295.38,4.21443,um,Spot,Position,1,4730,
2356.08,1297.19,0.7,um,Spot,Position,1,4758,
2448.52,1295.63,0.7,um,Spot,Position,1,4787,
2489.14,1274.65,4.53938,um,Spot,Position,1,4795,
2576.8,1275.15,0.7,um,Spot,Position,1,4810,
2654.41,1269.47,0.7,um,Spot,Position,1,4833,
2627.63,1273.86,0.7,um,Spot,Position,1,4837,
2733.06,1253.94,0.7,um,Spot,Position,1,4845,
2663.57,1254.23,0.7,um,Spot,Position,1,4846,
4719.67,410.896,9.1,um,Spot,Position,1,4856,
4885.55,413.527,9.1,um,Spot,Position,1,4872,
4940.58,386.973,9.1,um,Spot,Position,1,4882,
4962.63,396.506,9.1,um,Spot,Position,1,4886,
4686.4,468.504,9.1,um,Spot,Position,1,4921,
4916.28,430.456,9.1,um,Spot,Position,1,4954,
4698.77,513.211,9.1,um,Spot,Position,1,5051,
4687.62,537.247,9.1,um,Spot,Position,1,5059,
3293.86,743.369,7.73963,um,Spot,Position,1,5244,
3359.77,735.032,9.1,um,Spot,Position,1,5245,
4457.71,717.899,9.1,um,Spot,Position,1,5305,
4499.16,709.892,9.1,um,Spot,Position,1,5345,
1006.51,811.217,9.1,um,Spot,Position,1,5349,
1149.97,785.5,9.1,um,Spot,Position,1,5350,
1092.85,792.038,9.1,um,Spot,Position,1,5351,
1255.77,793.524,5.85445,um,Spot,Position,1,5352,
1392.91,821.953,6.59502,um,Spot,Position,1,5353,
1350.04,784.689,7.47678,um,Spot,Position,1,5354,
1335.45,787.51,7.96132,um,Spot,Position,1,5355,
1380.3,786.583,9.1,um,Spot,Position,1,5356,
1454.05,819.422,6.54561,um,Spot,Position,1,5357,
3220.33,764.132,5.99554,um,Spot,Position,1,5359,
3181.07,822.42,9.1,um,Spot,Position,1,5364,
3223.57,825.972,9.1,um,Spot,Position,1,5365,
3304.43,750.646,7.13899,um,Spot,Position,1,5366,
3400.39,758.39,9.1,um,Spot,Position,1,5368,
3402.38,783.971,9.1,um,Spot,Position,1,5369,
3362.4,805.804,9.1,um,Spot,Position,1,5370,
3533.82,809.877,6.66813,um,Spot,Position,1,5378,
3494.48,814.15,8.23382,um,Spot,Position,1,5379,
3495.49,780.846,9.1,um,Spot,Position,1,5381,
3581.34,792.987,9.1,um,Spot,Position,1,5382,
3731.23,829.111,6.40305,um,Spot,Position,1,5384,
4374.01,787.64,9.1,um,Spot,Position,1,5418,
834.694,899.194,9.1,um,Spot,Position,1,5430,
988.397,847.122,5.75025,um,Spot,Position,1,5431,
1057.44,883.429,9.1,um,Spot,Position,1,5437,
1120.22,875.545,9.1,um,Spot,Position,1,5443,
1293.78,832.038,9.1,um,Spot,Position,1,5448,
1265.09,870.327,9.1,um,Spot,Position,1,5449,
1326.17,883.636,9.1,um,Spot,Position,1,5450,
1335.99,879.874,9.1,um,Spot,Position,1,5453,
1467.07,873.445,7.85081,um,Spot,Position,1,5454,
1492.69,850.315,9.1,um,Spot,Position,1,5455,
1431.01,868.867,9.1,um,Spot,Position,1,5456,
1618.29,864.331,9.1,um,Spot,Position,1,5458,
1649.84,887.945,9.1,um,Spot,Position,1,5459,
1623.83,906.242,9.1,um,Spot,Position,1,5460,
1633.34,912.112,9.1,um,Spot,Position,1,5461,
1668.9,859.909,9.1,um,Spot,Position,1,5462,
1706.13,871.74,9.1,um,Spot,Position,1,5463,
1683.81,901.59,9.1,um,Spot,Position,1,5464,
1731.48,911.325,9.1,um,Spot,Position,1,5465,
1751.51,912.518,9.1,um,Spot,Position,1,5466,
3133.2,859.74,9.1,um,Spot,Position,1,5470,
3128.01,896.65,9.1,um,Spot,Position,1,5473,
3147.36,906.903,9.1,um,Spot,Position,1,5475,
3224.78,861.238,9.1,um,Spot,Position,1,5478,
3225.42,880.811,9.1,um,Spot,Position,1,5485,
3318.08,852.346,9.1,um,Spot,Position,1,5505,
3269.07,862.504,9.1,um,Spot,Position,1,5506,
3355.72,838.051,9.1,um,Spot,Position,1,5511,
3405.7,844.505,9.1,um,Spot,Position,1,5512,
3458.58,891.222,7.31331,um,Spot,Position,1,5527,
3419.79,842.842,9.1,um,Spot,Position,1,5529,
3488.81,899.68,9.1,um,Spot,Position,1,5545,
3563.16,914.015,6.81434,um,Spot,Position,1,5552,
3515.05,870.047,9.1,um,Spot,Position,1,5553,
3542.96,903.745,9.1,um,Spot,Position,1,5555,
3580.82,850.261,5.74253,um,Spot,Position,1,5556,
3627.15,896.409,9.1,um,Spot,Position,1,5565,
3580.69,902.012,9.1,um,Spot,Position,1,5566,
3583.31,910.57,9.1,um,Spot,Position,1,5567,
3724.53,886.787,9.1,um,Spot,Position,1,5580,
3734.36,906.434,9.1,um,Spot,Position,1,5584,
3771.38,879.809,9.1,um,Spot,Position,1,5594,
3809.08,902.174,9.1,um,Spot,Position,1,5603,
4315.09,870.58,9.1,um,Spot,Position,1,5741,
803.72,937.879,9.1,um,Spot,Position,1,5770,
843.525,953.322,7.32675,um,Spot,Position,1,5771,
904.66,997.347,9.1,um,Spot,Position,1,5772,
927.649,938.022,9.1,um,Spot,Position,1,5773,
1109,924.55,9.1,um,Spot,Position,1,5775,
1257.08,917.528,9.1,um,Spot,Position,1,5777,
1285.86,933.588,9.1,um,Spot,Position,1,5778,
1370.98,930.523,9.1,um,Spot,Position,1,5779,
1444.32,919.617,9.1,um,Spot,Position,1,5780,
1418.46,930.497,9.1,um,Spot,Position,1,5781,
1430.84,938.496,9.1,um,Spot,Position,1,5783,
1534.47,946.62,9.1,um,Spot,Position,1,5787,
1570.66,955.966,9.1,um,Spot,Position,1,5788,
1662.25,941.837,9.1,um,Spot,Position,1,5790,
1582.62,941.858,9.1,um,Spot,Position,1,5791,
1596.43,951.085,9.1,um,Spot,Position,1,5792,
1688.24,922.836,9.1,um,Spot,Position,1,5795,
1672,946.688,9.1,um,Spot,Position,1,5796,
1722.44,976.94,9.1,um,Spot,Position,1,5797,
1738.29,985.865,9.1,um,Spot,Position,1,5799,
1782.82,989.4,8.34206,um,Spot,Position,1,5801,
1760.06,960.58,9.1,um,Spot,Position,1,5802,
1828.84,977.468,9.1,um,Spot,Position,1,5803,
1813.65,986.599,9.1,um,Spot,Position,1,5804,
1821.85,995.215,9.1,um,Spot,Position,1,5805,
2958.75,970.165,9.1,um,Spot,Position,1,5809,
3056.23,968.867,5.87035,um,Spot,Position,1,5810,
3044.29,995.103,5.9529,um,Spot,Position,1,5811,
3007.77,952.469,9.1,um,Spot,Position,1,5812,
3004.26,998.027,9.1,um,Spot,Position,1,5814,
3092.21,971.821,9.1,um,Spot,Position,1,5817,
3547.1,959.83,7.98012,um,Spot,Position,1,5825,
3528.58,943.059,9.1,um,Spot,Position,1,5826,
3643.28,981.976,5.86456,um,Spot,Position,1,5828,
3656.07,952.672,9.1,um,Spot,Position,1,5829,
3661.89,926.472,9.1,um,Spot,Position,1,5838,
3777,943.931,9.1,um,Spot,Position,1,5867,
3783.99,978.19,9.1,um,Spot,Position,1,5873,
3892.56,949.088,9.1,um,Spot,Position,1,5890,
3972.86,958.246,9.1,um,Spot,Position,1,5925,
441.347,1010.11,8.13699,um,Spot,Position,1,5998,
450.251,1069.38,9.1,um,Spot,Position,1,5999,
546.142,1010.85,9.1,um,Spot,Position,1,6004,
1704.17,1000.74,9.1,um,Spot,Position,1,6010,
1702.34,1018.9,9.1,um,Spot,Position,1,6011,
1912,1011.94,6.71944,um,Spot,Position,1,6017,
1991.81,1055.75,9.1,um,Spot,Position,1,6019,
2007.8,1052.76,8.29091,um,Spot,Position,1,6020,
2824.26,1065.93,9.1,um,Spot,Position,1,6028,
2785.66,1076.88,9.1,um,Spot,Position,1,6029,
2838.64,1006.39,9.1,um,Spot,Position,1,6030,
2907.5,1039.28,9.1,um,Spot,Position,1,6031,
2896.79,1043.21,9.1,um,Spot,Position,1,6032,
2899.94,1055.08,9.1,um,Spot,Position,1,6033,
2876.23,1076.54,9.1,um,Spot,Position,1,6034,
2951.88,1033.28,6.24931,um,Spot,Position,1,6035,
2928.23,1024.82,9.1,um,Spot,Position,1,6037,
2938.83,1026.73,9.1,um,Spot,Position,1,6038,
3032.03,1070.73,5.95618,um,Spot,Position,1,6042,
3011.68,1015.96,7.3978,um,Spot,Position,1,6043,
3006.47,1047.3,7.40849,um,Spot,Position,1,6044,
3026.57,1051.6,9.1,um,Spot,Position,1,6046,
3011.64,1065.99,9.1,um,Spot,Position,1,6047,
3773.05,1023.74,9.1,um,Spot,Position,1,6060,
3750.84,1032.09,9.1,um,Spot,Position,1,6062,
4026.75,1001.86,9.1,um,Spot,Position,1,6107,
541.034,1109.78,5.75241,um,Spot,Position,1,6137,
1908.07,1164.4,9.1,um,Spot,Position,1,6138,
1898.12,1164.54,9.1,um,Spot,Position,1,6139,
1952.48,1099.66,9.1,um,Spot,Position,1,6140,
1948.74,1161.63,9.1,um,Spot,Position,1,6141,
2069.22,1097.06,6.86658,um,Spot,Position,1,6142,
2040.16,1113.76,7.65774,um,Spot,Position,1,6145,
2029.25,1095.66,9.1,um,Spot,Position,1,6146,
2062.82,1117.25,9.1,um,Spot,Position,1,6147,
2096.39,1104.67,9.1,um,Spot,Position,1,6150,
2136.14,1141,9.1,um,Spot,Position,1,6151,
2119.55,1154.4,9.1,um,Spot,Position,1,6153,
2156.72,1157.06,9.1,um,Spot,Position,1,6154,
2240.94,1111.47,7.8611,um,Spot,Position,1,6157,
2198.84,1110.93,9.1,um,Spot,Position,1,6158,
2231.95,1139.61,9.1,um,Spot,Position,1,6159,
2176.77,1163.73,9.1,um,Spot,Position,1,6161,
2272.18,1138.54,9.1,um,Spot,Position,1,6163,
2272.37,1152.76,9.1,um,Spot,Position,1,6164,
2280.34,1155.9,9.1,um,Spot,Position,1,6165,
2274.58,1161.93,9.1,um,Spot,Position,1,6166,
2390.82,1115.17,8.02468,um,Spot,Position,1,6167,
2383.45,1158.71,9.1,um,Spot,Position,1,6169,
2367.2,1159.28,9.1,um,Spot,Position,1,6170,
2408.41,1159.98,9.1,um,Spot,Position,1,6171,
2489.43,1127.89,6.1775,um,Spot,Position,1,6172,
2481.87,1120.22,9.1,um,Spot,Position,1,6173,
2484.06,1132.32,9.1,um,Spot,Position,1,6175,
2443.84,1132.75,9.1,um,Spot,Position,1,6176,
2448.27,1136.94,9.1,um,Spot,Position,1,6177,
2544.28,1124.27,9.1,um,Spot,Position,1,6178,
2538.63,1129.08,9.1,um,Spot,Position,1,6179,
2518.51,1161.35,9.1,um,Spot,Position,1,6180,
2613.49,1136.72,9.1,um,Spot,Position,1,6184,
2709.71,1102.65,6.22197,um,Spot,Position,1,6186,
2725.67,1110.39,9.1,um,Spot,Position,1,6188,
2736.29,1112.95,9.1,um,Spot,Position,1,6189,
2744.97,1129.56,9.1,um,Spot,Position,1,6191,
2707.99,1136.63,9.1,um,Spot,Position,1,6193,
2701.2,1145.49,9.1,um,Spot,Position,1,6194,
2683.62,1164.23,9.1,um,Spot,Position,1,6195,
2805.13,1084.47,9.1,um,Spot,Position,1,6197,
2792.81,1086.68,9.1,um,Spot,Position,1,6198,
2790.16,1116.95,9.1,um,Spot,Position,1,6199,
2751.21,1124.05,9.1,um,Spot,Position,1,6201,
2795.56,1129.02,9.1,um,Spot,Position,1,6202,
2751.07,1146.69,9.1,um,Spot,Position,1,6205,
2863.26,1108.85,6.08631,um,Spot,Position,1,6206,
2853.39,1084.79,9.1,um,Spot,Position,1,6207,
2854.34,1089.21,9.1,um,Spot,Position,1,6208,
2909,1101.5,9.1,um,Spot,Position,1,6209,
2831.76,1108.92,9.1,um,Spot,Position,1,6210,
2848.57,1156.71,9.1,um,Spot,Position,1,6211,
2952.93,1087.72,8.25117,um,Spot,Position,1,6212,
2953.36,1114.08,7.06571,um,Spot,Position,1,6213,
2929.25,1086.55,9.1,um,Spot,Position,1,6214,
2959.36,1089.07,9.1,um,Spot,Position,1,6215,
2913.9,1111.41,9.1,um,Spot,Position,1,6216,
1956.61,1174.11,9.1,um,Spot,Position,1,6221,
1968.29,1192.83,9.1,um,Spot,Position,1,6222,
1975.47,1207.2,9.1,um,Spot,Position,1,6223,
2075.18,1185.04,9.1,um,Spot,Position,1,6224,
2057.7,1234.13,9.1,um,Spot,Position,1,6226,
2011.81,1245.46,9.1,um,Spot,Position,1,6229,
2147.87,1183.39,9.1,um,Spot,Position,1,6231,
2106.99,1184.16,9.1,um,Spot,Position,1,6232,
2085.82,1232.24,9.1,um,Spot,Position,1,6233,
2091.29,1245.76,9.1,um,Spot,Position,1,6234,
2166.26,1197.59,9.1,um,Spot,Position,1,6240,
2200.72,1214.31,9.1,um,Spot,Position,1,6241,
2170.17,1217.65,9.1,um,Spot,Position,1,6242,
2164.29,1230.04,9.1,um,Spot,Position,1,6243,
2169.74,1237.68,9.1,um,Spot,Position,1,6244,
2249.96,1171.06,6.36788,um,Spot,Position,1,6245,
2262.48,1171.15,9.1,um,Spot,Position,1,6246,
2285.14,1210.61,9.1,um,Spot,Position,1,6249,
2315.34,1238.25,9.1,um,Spot,Position,1,6251,
2349.16,1177.34,8.34056,um,Spot,Position,1,6252,
2330.84,1167.69,9.1,um,Spot,Position,1,6254,
2377.44,1177.02,9.1,um,Spot,Position,1,6255,
2332.76,1180.72,9.1,um,Spot,Position,1,6256,
2346.55,1184.79,9.1,um,Spot,Position,1,6257,
2400.45,1221.14,9.1,um,Spot,Position,1,6258,
2400.21,1229.94,9.1,um,Spot,Position,1,6259,
2350.51,1233.91,9.1,um,Spot,Position,1,6260,
2475.29,1174.42,9.1,um,Spot,Position,1,6262,
2432.2,1177.58,9.1,um,Spot,Position,1,6263,
2491.44,1180.45,9.1,um,Spot,Position,1,6264,
2421.61,1184.09,9.1,um,Spot,Position,1,6265,
2469.7,1184.2,9.1,um,Spot,Position,1,6266,
2492.41,1199.79,9.1,um,Spot,Position,1,6267,
2446.39,1215.27,9.1,um,Spot,Position,1,6268,
2423.31,1221.56,9.1,um,Spot,Position,1,6269,
2526.88,1169.69,9.1,um,Spot,Position,1,6270,
2512.65,1176.93,9.1,um,Spot,Position,1,6271,
2540.24,1178.73,9.1,um,Spot,Position,1,6273,
2568.49,1194.71,9.1,um,Spot,Position,1,6274,
2578.19,1238.69,9.1,um,Spot,Position,1,6275,
2651.76,1178.48,6.38039,um,Spot,Position,1,6277,
2637.59,1193.15,9.1,um,Spot,Position,1,6278,
2594.5,1208.74,9.1,um,Spot,Position,1,6279,
2608.83,1210.16,9.1,um,Spot,Position,1,6280,
2586.1,1219.23,9.1,um,Spot,Position,1,6281,
2602.08,1236.9,9.1,um,Spot,Position,1,6282,
2706.91,1186.6,6.72013,um,Spot,Position,1,6283,
2706.05,1193.8,8.23675,um,Spot,Position,1,6284,
2733.24,1166.28,9.1,um,Spot,Position,1,6285,
2678.09,1175.28,9.1,um,Spot,Position,1,6286,
2723.97,1183.88,9.1,um,Spot,Position,1,6287,
2671.3,1191.89,9.1,um,Spot,Position,1,6288,
2665.24,1208.65,9.1,um,Spot,Position,1,6289,
2665.35,1224.81,9.1,um,Spot,Position,1,6290,
2732.76,1235.6,9.1,um,Spot,Position,1,6291,
2773.58,1171.89,9.1,um,Spot,Position,1,6292,
2777.05,1183.74,9.1,um,Spot,Position,1,6293,
2810.52,1186.75,9.1,um,Spot,Position,1,6294,
2778.68,1226.92,9.1,um,Spot,Position,1,6295,
2784.48,1227.13,9.1,um,Spot,Position,1,6296,
2848.74,1170.18,9.1,um,Spot,Position,1,6299,
2851.12,1181.6,9.1,um,Spot,Position,1,6301,
2926.37,1166.3,9.1,um,Spot,Position,1,6303,
2158.22,1280.76,9.1,um,Spot,Position,1,6306,
2156.77,1292.49,9.1,um,Spot,Position,1,6307,
2209.14,1270.93,9.1,um,Spot,Position,1,6310,
2215.16,1278.09,9.1,um,Spot,Position,1,6311,
2222.8,1292.37,9.1,um,Spot,Position,1,6312,
2232.43,1300.79,9.1,um,Spot,Position,1,6313,
2306.85,1296.47,6.37532,um,Spot,Position,1,6318,
2321.66,1265.49,9.1,um,Spot,Position,1,6319,
2260.53,1269.96,9.1,um,Spot,Position,1,6320,
2406.34,1252.13,9.1,um,Spot,Position,1,6322,
2374.82,1270,9.1,um,Spot,Position,1,6323,
2346.11,1280.99,9.1,um,Spot,Position,1,6324,
2611.74,1251.54,7.4004,um,Spot,Position,1,6327,
2581.53,1263.9,9.1,um,Spot,Position,1,6328,
